Year,Month,Monthly Anomaly,Annual Anomaly,Five-year Anomaly,Ten-year Anomaly,Twenty-year Anomaly
1824,2,-0.795,,,,
1824,3,-0.016,-0.611,,,
1824,4,0.35,-0.568,,,
1824,5,-0.068,-0.469,,,
1824,6,-0.146,-0.372,,,
1824,7,-0.0,-0.371,,,
1824,8,-1.005,-0.308,,,
1824,9,-0.987,-0.31,,,
1824,10,-1.244,-0.313,,,
1824,11,-0.316,-0.309,,,
1824,12,-0.19,-0.304,,,
1825,1,-0.032,-0.33,,,
1825,2,-0.042,-0.318,,,
1825,3,-0.037,-0.326,,,
1825,4,0.309,-0.321,-0.506,,
1825,5,-0.019,-0.329,-0.49,,
1825,6,-0.089,-0.372,-0.457,,
1825,7,-0.312,-0.422,-0.457,,
1825,8,-0.858,-0.463,-0.443,,
1825,9,-1.085,-0.51,-0.438,,
1825,10,-1.179,-0.531,-0.425,,
1825,11,-0.414,-0.528,-0.414,,
1825,12,-0.709,-0.563,-0.409,,
1826,1,-0.629,-0.547,-0.407,,
1826,2,-0.532,-0.549,-0.391,,
1826,3,-0.601,-0.518,-0.384,,
1826,4,0.06,-0.495,-0.366,,
1826,5,0.014,-0.498,-0.345,,
1826,6,-0.51,-0.399,-0.327,,
1826,7,-0.118,-0.364,-0.345,,
1826,8,-0.879,-0.298,-0.346,,
1826,9,-0.714,-0.226,-0.357,,
1826,10,-0.906,-0.176,-0.365,,
1826,11,-0.447,-0.139,-0.368,,
1826,12,0.472,-0.104,-0.375,,
1827,1,-0.212,-0.074,-0.376,,
1827,2,0.266,-0.049,-0.366,,
1827,3,0.261,-0.081,-0.363,,
1827,4,0.665,-0.084,-0.355,,
1827,5,0.453,-0.072,-0.363,,
1827,6,,-0.142,-0.375,,
1827,7,0.244,-0.175,-0.358,,
1827,8,-0.583,-0.237,-0.34,,
1827,9,-1.089,-0.284,-0.353,,
1827,10,-0.945,-0.35,-0.359,,
1827,11,-0.299,-0.394,-0.371,,
1827,12,-0.376,-0.388,-0.376,,
1828,1,-0.609,-0.414,-0.364,,
1828,2,-0.478,-0.382,-0.357,,
1828,3,-0.305,-0.386,-0.364,,
1828,4,-0.125,-0.363,-0.363,,
1828,5,-0.074,-0.356,-0.336,,
1828,6,-0.01,-0.35,-0.307,,
1828,7,-0.078,-0.392,,,
1828,8,-0.191,-0.422,,,
1828,9,-1.14,-0.456,,,
1828,10,,-0.458,,,
1828,11,-0.219,-0.469,,,
1828,12,-0.299,-0.517,,,
1829,1,-1.123,-0.516,,,
1829,2,-0.836,-0.53,,,
1829,3,-0.706,-0.504,,,
1829,4,-0.149,-0.515,,,
1829,5,-0.212,-0.562,,,
1829,6,-0.581,-0.613,,,
1829,7,-0.074,-0.437,,,
1829,8,-0.356,-0.281,,,
1829,9,-0.825,,,,
1829,10,,,,,
1829,11,-0.777,,,,
1829,12,-0.917,,,,
1830,1,,,,,
1830,2,,,,,
1830,3,,,,,
1830,4,,,,,
1830,5,,,,,
1830,6,,,,,
1830,7,,,,,
1830,8,,,,,
1830,9,,,,,
1830,10,,,,,
1830,11,,,,,
1830,12,,,,,
1831,1,,,,,
1831,2,,,,,
1831,3,,,,,
1831,4,,,,,
1831,5,,,,,
1831,6,,,,,
1831,7,,,,,
1831,8,,,,,
1831,9,,,,,
1831,10,,,,,
1831,11,,,,,
1831,12,,,,,
1832,1,,,,,
1832,2,,,,,
1832,3,,,,,
1832,4,,,,,
1832,5,,,,,
1832,6,,,,,
1832,7,,,,,
1832,8,,,,,
1832,9,,,,,
1832,10,,,,,
1832,11,,,,,
1832,12,,,,,
1833,1,,,,,
1833,2,,,,,
1833,3,,,,,
1833,4,,,,,
1833,5,,,,,
1833,6,,,,,
1833,7,,,,,
1833,8,,,,,
1833,9,,,,,
1833,10,,,,,
1833,11,,,,,
1833,12,,,,,
1834,1,,,,,
1834,2,,,,,
1834,3,,,,,
1834,4,,,,,
1834,5,,,,,
1834,6,,,,,
1834,7,,,,,
1834,8,,,,,
1834,9,,,,,
1834,10,,,,,
1834,11,,,,,
1834,12,,,,,
1835,1,,,,,
1835,2,,,,,
1835,3,,,,,
1835,4,,,,,
1835,5,,,,,
1835,6,,,,,
1835,7,,,,,
1835,8,,,,,
1835,9,,,,,
1835,10,,,,,
1835,11,,,,,
1835,12,,,,,
1836,1,,,,,
1836,2,,,,,
1836,3,,,,,
1836,4,,,,,
1836,5,,,,,
1836,6,,,,,
1836,7,,,,,
1836,8,,,,,
1836,9,,,,,
1836,10,,,,,
1836,11,,,,,
1836,12,,,,,
1837,1,,,,,
1837,2,,,,,
1837,3,,,,,
1837,4,,,,,
1837,5,,,,,
1837,6,,,,,
1837,7,,,,,
1837,8,,,,,
1837,9,,,,,
1837,10,,,,,
1837,11,,,,,
1837,12,,,,,
1838,1,,,,,
1838,2,,,,,
1838,3,,,,,
1838,4,,,,,
1838,5,,,,,
1838,6,,,,,
1838,7,,,,,
1838,8,,,,,
1838,9,,,,,
1838,10,,,,,
1838,11,,,,,
1838,12,,,,,
1839,1,,,,,
1839,2,,,,,
1839,3,,,,,
1839,4,,,,,
1839,5,,,,,
1839,6,,,,,
1839,7,,,,,
1839,8,,,,,
1839,9,,,,,
1839,10,,,,,
1839,11,,,,,
1839,12,,,,,
1840,1,,,,,
1840,2,,,,,
1840,3,,,,,
1840,4,,,,,
1840,5,,,,,
1840,6,,,,,
1840,7,,,,,
1840,8,,,,,
1840,9,,,,,
1840,10,,,,,
1840,11,,,,,
1840,12,,,,,
1841,1,,,,,
1841,2,,,,,
1841,3,,,,,
1841,4,,,,,
1841,5,,,,,
1841,6,,,,,
1841,7,,,,,
1841,8,,,,,
1841,9,,,,,
1841,10,,,,,
1841,11,,,,,
1841,12,,,,,
1842,1,,,,,
1842,2,,,,,
1842,3,,,,,
1842,4,,,,,
1842,5,,,,,
1842,6,,,,,
1842,7,,,,,
1842,8,,,,,
1842,9,,,,,
1842,10,,,,,
1842,11,,,,,
1842,12,,,,,
1843,1,,,,,
1843,2,,,,,
1843,3,,,,,
1843,4,,,,,
1843,5,,,,,
1843,6,,,,,
1843,7,,,,,
1843,8,,,,,
1843,9,,,,,
1843,10,,,,,
1843,11,,,,,
1843,12,,,,,
1844,1,,,,,
1844,2,,,,,
1844,3,,,,,
1844,4,,,,,
1844,5,,,,,
1844,6,,,,,
1844,7,,,,,
1844,8,,,,,
1844,9,,,,,
1844,10,,,,,
1844,11,,,,,
1844,12,,,,,
1845,1,,,,,
1845,2,,,,,
1845,3,,,,,
1845,4,,,,,
1845,5,,,,,
1845,6,,,,,
1845,7,,,,,
1845,8,,,,,
1845,9,,,,,
1845,10,,,,,
1845,11,,,,,
1845,12,,,,,
1846,1,,,,,
1846,2,,,,,
1846,3,,,,,
1846,4,,,,,
1846,5,,,,,
1846,6,,,,,
1846,7,,,,,
1846,8,,,,,
1846,9,,,,,
1846,10,,,,,
1846,11,,,,,
1846,12,,,,,
1847,1,,,,,
1847,2,,,,,
1847,3,,,,,
1847,4,,,,,
1847,5,,,,,
1847,6,,,,,
1847,7,,,,,
1847,8,,,,,
1847,9,,,,,
1847,10,,,,,
1847,11,,,,,
1847,12,,,,,
1848,1,,,,,
1848,2,,,,,
1848,3,,,,,
1848,4,,,,,
1848,5,,,,,
1848,6,,,,,
1848,7,,,,,
1848,8,,,,,
1848,9,,,,,
1848,10,,,,,
1848,11,,,,,
1848,12,,,,,
1849,1,,,,,
1849,2,,,,,
1849,3,,,,,
1849,4,,,,,
1849,5,,,,,
1849,6,,,,,
1849,7,,,,,
1849,8,,,,,
1849,9,,,,,
1849,10,,,,,
1849,11,,,,,
1849,12,,,,,
1850,1,,,,,
1850,2,,,,,
1850,3,,,,,
1850,4,,,,,
1850,5,,,,,
1850,6,,,,,
1850,7,0.152,,,,
1850,8,,,,,
1850,9,,,,,
1850,10,,,,,
1850,11,,,,,
1850,12,,,,,
1851,1,,,,,
1851,2,,,,,
1851,3,,,,,
1851,4,,,,,
1851,5,,,,,
1851,6,,,,,
1851,7,,,,,
1851,8,,,,,
1851,9,,,,,
1851,10,,,,,
1851,11,,,,,
1851,12,,,,,
1852,1,,,,,
1852,2,,,,,
1852,3,,,,,
1852,4,,,,,
1852,5,-0.127,,,,
1852,6,-0.165,,,,
1852,7,-0.414,-0.763,,,
1852,8,-0.473,-0.814,,,
1852,9,-0.683,-0.699,,,
1852,10,-1.264,-0.649,,,
1852,11,-1.091,-0.68,,,
1852,12,-0.662,-0.702,,,
1853,1,-0.569,-0.652,,,
1853,2,-1.831,-0.667,,,
1853,3,-0.343,-0.675,,,
1853,4,-0.164,-0.612,,,
1853,5,-0.495,-0.573,,,
1853,6,-0.434,-0.541,,,
1853,7,0.188,-0.52,-0.566,,
1853,8,-0.657,-0.457,-0.559,,
1853,9,-0.781,-0.457,-0.546,,
1853,10,-0.501,-0.53,-0.547,,
1853,11,-0.625,-0.536,-0.539,,
1853,12,-0.28,-0.547,-0.532,,
1854,1,-0.317,-0.578,-0.536,,
1854,2,-1.073,-0.584,-0.537,,
1854,3,-0.348,-0.611,-0.537,,
1854,4,-1.033,-0.592,-0.539,,
1854,5,-0.576,-0.629,-0.527,,
1854,6,-0.561,-0.635,-0.52,,
1854,7,-0.181,-0.665,-0.523,,
1854,8,-0.738,-0.638,-0.532,,
1854,9,-1.102,-0.658,-0.515,-0.65,
1854,10,-0.27,-0.642,-0.524,-0.651,
1854,11,-1.065,-0.645,-0.538,-0.653,
1854,12,-0.353,-0.589,-0.542,-0.654,
1855,1,-0.683,-0.62,-0.539,-0.65,
1855,2,-0.744,-0.547,-0.547,-0.657,
1855,3,-0.583,-0.505,-0.559,-0.663,
1855,4,-0.842,-0.531,-0.562,-0.66,
1855,5,-0.615,-0.457,-0.564,-0.66,
1855,6,0.112,-0.429,-0.567,-0.661,
1855,7,-0.561,-0.312,-0.576,-0.662,
1855,8,0.146,-0.26,-0.561,-0.669,
1855,9,-0.599,-0.22,-0.58,-0.676,
1855,10,-0.59,-0.196,-0.597,-0.673,
1855,11,-0.176,-0.151,-0.607,-0.67,
1855,12,-0.012,-0.155,-0.615,-0.678,
1856,1,0.722,-0.081,-0.622,-0.69,
1856,2,-0.126,-0.119,-0.622,-0.691,
1856,3,-0.093,-0.132,-0.626,-0.692,
1856,4,-0.557,-0.128,-0.639,-0.694,
1856,5,-0.078,-0.127,-0.643,-0.693,
1856,6,0.065,-0.174,-0.66,-0.697,
1856,7,0.321,-0.357,-0.666,-0.701,
1856,8,-0.3,-0.489,-0.67,-0.7,
1856,9,-0.764,-0.543,-0.684,-0.696,
1856,10,-0.54,-0.604,-0.679,-0.693,
1856,11,-0.164,-0.68,-0.678,-0.694,
1856,12,-0.568,-0.716,-0.68,-0.696,
1857,1,-1.474,-0.765,-0.687,-0.698,
1857,2,-1.716,-0.818,-0.688,-0.691,
1857,3,-0.744,-0.871,-0.683,-0.686,-0.685
1857,4,-1.281,-0.949,-0.693,-0.69,-0.685
1857,5,-0.994,-1.032,-0.693,-0.69,-0.68
1857,6,-0.365,-1.057,-0.699,-0.693,-0.681
1857,7,-0.271,-1.027,-0.693,-0.692,-0.681
1857,8,-0.934,-0.959,-0.699,-0.694,-0.681
1857,9,-1.405,-1.022,-0.707,-0.696,-0.68
1857,10,-1.471,-1.014,-0.703,-0.69,-0.68
1857,11,-1.156,-1.024,-0.708,-0.691,-0.681
1857,12,-0.871,-1.07,-0.723,-0.701,-0.675
1858,1,-1.114,-1.067,-0.714,-0.707,-0.67
1858,2,-0.906,-1.042,-0.731,-0.693,-0.672
1858,3,-1.497,-1.01,-0.741,-0.699,-0.674
1858,4,-1.184,-0.993,-0.744,-0.705,-0.673
1858,5,-1.111,-0.97,-0.758,-0.703,-0.67
1858,6,-0.915,-1.006,-0.776,-0.7,-0.668
1858,7,-0.241,-0.971,-0.813,-0.704,-0.668
1858,8,-0.63,-1.005,-0.823,-0.703,-0.665
1858,9,-1.019,-0.979,-0.838,-0.705,-0.664
1858,10,-1.274,-0.942,-0.84,-0.704,-0.662
1858,11,-0.873,-0.888,-0.847,-0.707,-0.659
1858,12,-1.313,-0.869,-0.862,-0.719,-0.658
1859,1,-0.683,-0.9,-0.866,-0.721,-0.657
1859,2,-1.326,-0.913,-0.864,-0.722,-0.656
1859,3,-1.181,-0.898,-0.856,-0.729,-0.658
1859,4,-0.739,-0.862,-0.848,-0.728,-0.655
1859,5,-0.462,-0.878,-0.862,-0.732,-0.651
1859,6,-0.686,-0.827,-0.872,-0.732,-0.645
1859,7,-0.61,-0.8,-0.872,-0.736,-0.641
1859,8,-0.793,-0.78,-0.851,-0.737,-0.638
1859,9,-0.832,-0.769,-0.857,-0.732,-0.635
1859,10,-0.851,-0.759,-0.855,-0.731,-0.633
1859,11,-1.065,-0.798,-0.842,-0.729,-0.634
1859,12,-0.699,-0.805,-0.845,-0.734,-0.637
1860,1,-0.361,-0.755,-0.845,-0.729,-0.634
1860,2,-1.083,-0.764,-0.842,-0.733,-0.637
1860,3,-1.052,-0.792,-0.832,-0.735,-0.641
1860,4,-0.609,-0.788,-0.817,-0.734,-0.64
1860,5,-0.928,-0.785,-0.818,-0.732,-0.637
1860,6,-0.773,-0.818,-0.834,-0.735,-0.634
1860,7,-0.012,-0.912,-0.838,-0.731,-0.634
1860,8,-0.902,-0.883,-0.826,-0.735,-0.635
1860,9,-1.165,-0.874,-0.818,-0.736,-0.636
1860,10,-0.809,-0.882,-0.814,-0.734,-0.635
1860,11,-1.025,-0.845,-0.798,-0.738,-0.633
1860,12,-1.099,-0.852,-0.784,-0.742,-0.637
1861,1,-1.487,-0.845,-0.786,-0.752,-0.641
1861,2,-0.735,-0.784,-0.784,-0.755,-0.644
1861,3,-0.944,-0.708,-0.783,-0.77,-0.643
1861,4,-0.7,-0.648,-0.769,-0.773,-0.643
1861,5,-0.487,-0.646,-0.771,-0.777,-0.641
1861,6,-0.856,-0.654,-0.779,-0.78,-0.639
1861,7,0.073,-0.649,-0.776,-0.786,-0.641
1861,8,-0.173,-0.625,-0.774,-0.787,-0.641
1861,9,-0.254,-0.638,-0.773,-0.784,-0.64
1861,10,-0.089,-0.681,-0.777,-0.784,-0.641
1861,11,-1.001,-0.656,-0.786,-0.791,-0.642
1861,12,-1.189,-0.631,-0.784,-0.794,-0.642
1862,1,-1.43,-0.658,-0.786,-0.79,-0.64
1862,2,-0.447,-0.706,-0.786,-0.783,-0.635
1862,3,-1.099,-0.754,-0.78,-0.783,-0.629
1862,4,-1.218,-0.794,-0.77,-0.776,-0.63
1862,5,-0.187,-0.811,-0.766,-0.769,-0.631
1862,6,-0.564,-0.865,-0.769,-0.771,-0.631
1862,7,-0.249,-0.857,-0.764,-0.772,-0.629
1862,8,-0.75,-0.836,-0.767,-0.769,-0.627
1862,9,-0.825,-0.83,-0.764,-0.76,-0.626
1862,10,-0.568,-0.805,-0.765,-0.752,-0.622
1862,11,-1.206,-0.805,-0.755,-0.747,-0.619
1862,12,-1.838,-0.765,-0.748,-0.746,-0.621
1863,1,-1.33,-0.775,-0.749,-0.739,-0.622
1863,2,-0.198,-0.752,-0.738,-0.739,-0.619
1863,3,-1.023,-0.766,-0.73,-0.737,-0.624
1863,4,-0.925,-0.751,-0.724,-0.73,-0.627
1863,5,-0.184,-0.735,-0.718,-0.723,-0.63
1863,6,-0.082,-0.729,-0.707,-0.717,-0.631
1863,7,-0.37,-0.664,-0.692,-0.713,-0.632
1863,8,-0.474,-0.748,-0.687,-0.709,-0.631
1863,9,-0.992,-0.755,-0.703,-0.703,-0.629
1863,10,-0.389,-0.759,-0.706,-0.693,-0.629
1863,11,-1.015,-0.828,-0.706,-0.687,-0.631
1863,12,-1.767,-0.869,-0.698,-0.679,-0.632
1864,1,-0.547,-0.895,-0.706,-0.674,-0.635
1864,2,-1.214,-0.924,-0.71,-0.666,-0.632
1864,3,-1.102,-0.881,-0.711,-0.663,-0.636
1864,4,-0.97,-0.868,-0.72,-0.66,-0.633
1864,5,-1.017,-0.852,-0.719,-0.655,-0.633
1864,6,-0.572,-0.778,-0.715,-0.645,-0.633
1864,7,-0.679,-0.74,-0.708,-0.634,-0.635
1864,8,-0.83,-0.741,-0.715,-0.626,-0.635
1864,9,-0.467,-0.722,-0.71,-0.62,-0.633
1864,10,-0.237,-0.698,-0.696,-0.614,-0.635
1864,11,-0.824,-0.643,-0.696,-0.615,-0.634
1864,12,-0.872,-0.621,-0.696,-0.619,-0.638
1865,1,-0.09,-0.571,-0.699,-0.618,-0.636
1865,2,-1.235,-0.524,-0.696,-0.616,-0.636
1865,3,-0.867,-0.544,-0.688,-0.618,-0.638
1865,4,-0.68,-0.558,-0.686,-0.62,-0.639
1865,5,-0.36,-0.544,-0.676,-0.614,-0.639
1865,6,-0.313,-0.509,-0.658,-0.608,-0.643
1865,7,-0.081,-0.549,-0.641,-0.607,-0.642
1865,8,-0.259,-0.485,-0.653,-0.601,-0.643
1865,9,-0.708,-0.569,-0.656,-0.596,-0.642
1865,10,-0.403,-0.588,-0.646,-0.596,-0.641
1865,11,-0.665,-0.6,-0.648,-0.596,-0.644
1865,12,-0.446,-0.604,-0.65,-0.596,-0.648
1866,1,-0.577,-0.631,-0.64,-0.592,-0.653
1866,2,-0.466,-0.642,-0.634,-0.596,-0.654
1866,3,-1.874,-0.612,-0.623,-0.595,-0.658
1866,4,-0.906,-0.628,-0.616,-0.592,-0.659
1866,5,-0.498,-0.655,-0.604,-0.589,-0.66
1866,6,-0.369,-0.696,-0.579,-0.581,-0.662
1866,7,-0.396,-0.73,-0.571,-0.582,-0.663
1866,8,-0.399,-0.763,-0.558,-0.583,-0.662
1866,9,-0.349,-0.674,-0.553,-0.584,-0.659
1866,10,-0.587,-0.63,-0.542,-0.589,-0.658
1866,11,-0.991,-0.603,-0.524,-0.59,-0.658
1866,12,-0.935,-0.621,-0.506,-0.588,-0.656
1867,1,-0.994,-0.621,-0.482,-0.581,-0.649
1867,2,-0.862,-0.639,-0.466,-0.579,-0.642
1867,3,-0.804,-0.636,-0.459,-0.573,-0.641
1867,4,-0.38,-0.627,-0.459,-0.57,-0.638
1867,5,-0.172,-0.595,-0.463,-0.572,-0.637
1867,6,-0.582,-0.581,-0.47,-0.569,-0.638
1867,7,-0.398,-0.523,-0.471,-0.565,-0.638
1867,8,-0.61,-0.525,-0.465,-0.561,-0.633
1867,9,-0.324,-0.559,-0.472,-0.556,-0.625
1867,10,-0.474,-0.556,-0.475,-0.554,-0.618
1867,11,-0.603,-0.565,-0.473,-0.548,-0.61
1867,12,-0.766,-0.537,-0.468,-0.542,-0.605
1868,1,-0.297,-0.48,-0.465,-0.536,-0.6
1868,2,-0.89,-0.441,-0.465,-0.545,-0.592
1868,3,-1.217,-0.443,-0.462,-0.55,-0.583
1868,4,-0.343,-0.401,-0.469,-0.549,-0.575
1868,5,-0.277,-0.373,-0.475,-0.558,-0.571
1868,6,-0.244,-0.333,-0.486,-0.561,-0.569
1868,7,0.285,-0.314,-0.493,-0.56,-0.567
1868,8,-0.139,-0.277,-0.505,-0.559,-0.565
1868,9,-0.349,-0.238,-0.487,-0.553,-0.561
1868,10,0.023,-0.238,-0.478,-0.555,-0.556
1868,11,-0.268,-0.21,-0.471,-0.554,-0.552
1868,12,-0.278,-0.145,-0.464,-0.545,-0.546
1869,1,-0.066,-0.109,-0.457,-0.548,-0.544
1869,2,-0.455,-0.087,-0.455,-0.542,-0.539
1869,3,-0.749,-0.062,-0.456,-0.543,-0.537
1869,4,-0.336,-0.079,-0.458,-0.537,-0.536
1869,5,0.053,-0.149,-0.461,-0.535,-0.537
1869,6,0.543,-0.232,-0.46,-0.534,-0.538
1869,7,0.713,-0.241,-0.455,-0.533,-0.537
1869,8,0.124,-0.273,-0.443,-0.533,-0.535
1869,9,-0.045,-0.319,-0.436,-0.535,-0.534
1869,10,-0.182,-0.361,-0.444,-0.538,-0.531
1869,11,-1.108,-0.386,-0.447,-0.539,-0.528
1869,12,-1.277,-0.432,-0.442,-0.543,-0.528
1870,1,-0.178,-0.484,-0.432,-0.544,-0.526
1870,2,-0.831,-0.515,-0.425,-0.54,-0.525
1870,3,-1.304,-0.556,-0.425,-0.541,-0.524
1870,4,-0.845,-0.611,-0.421,-0.544,-0.526
1870,5,-0.248,-0.604,-0.42,-0.546,-0.525
1870,6,-0.009,-0.588,-0.426,-0.55,-0.523
1870,7,0.093,-0.658,-0.431,-0.553,-0.526
1870,8,-0.248,-0.687,-0.436,-0.552,-0.526
1870,9,-0.541,-0.642,-0.444,-0.548,-0.524
1870,10,-0.831,-0.602,-0.452,-0.547,-0.522
1870,11,-1.026,-0.592,-0.468,-0.551,-0.518
1870,12,-1.083,-0.583,-0.472,-0.555,-0.517
1871,1,-1.021,-0.592,-0.48,-0.554,-0.511
1871,2,-1.18,-0.595,-0.484,-0.553,-0.511
1871,3,-0.766,-0.581,-0.483,-0.547,-0.509
1871,4,-0.369,-0.571,-0.494,-0.545,-0.51
1871,5,-0.126,-0.585,-0.505,-0.544,-0.51
1871,6,0.102,-0.567,-0.511,-0.544,-0.507
1871,7,-0.012,-0.54,-0.525,-0.54,-0.509
1871,8,-0.29,-0.456,-0.525,-0.538,-0.51
1871,9,-0.37,-0.42,-0.534,-0.535,-0.511
1871,10,-0.713,-0.464,-0.532,-0.533,-0.513
1871,11,-1.189,-0.483,-0.546,-0.524,-0.511
1871,12,-0.866,-0.515,-0.562,-0.519,-0.508
1872,1,-0.696,-0.497,-0.583,-0.508,-0.506
1872,2,-0.171,-0.486,-0.599,-0.501,-0.507
1872,3,-0.343,-0.482,-0.61,-0.498,-0.508
1872,4,-0.891,-0.444,-0.618,-0.5,-0.508
1872,5,-0.362,-0.387,-0.614,-0.505,-0.511
1872,6,-0.278,-0.409,-0.615,-0.505,-0.512
1872,7,0.21,-0.405,-0.616,-0.503,-0.513
1872,8,-0.165,-0.489,-0.615,-0.497,-0.512
1872,9,-0.318,-0.599,-0.61,-0.49,-0.51
1872,10,-0.261,-0.594,-0.613,-0.484,-0.509
1872,11,-0.503,-0.666,-0.62,-0.474,-0.507
1872,12,-1.13,-0.687,-0.632,-0.464,-0.5
1873,1,-0.645,-0.719,-0.64,-0.461,-0.496
1873,2,-1.188,-0.736,-0.639,-0.445,-0.496
1873,3,-1.661,-0.735,-0.635,-0.428,-0.498
1873,4,-0.828,-0.766,-0.625,-0.42,-0.499
1873,5,-1.226,-0.799,-0.626,-0.419,-0.502
1873,6,-0.523,-0.759,-0.624,-0.42,-0.504
1873,7,-0.184,-0.784,-0.614,-0.421,-0.504
1873,8,-0.364,-0.721,-0.601,-0.422,-0.504
1873,9,-0.31,-0.687,-0.607,-0.419,-0.503
1873,10,-0.627,-0.64,-0.612,-0.419,-0.505
1873,11,-0.903,-0.599,-0.616,-0.416,-0.504
1873,12,-0.65,-0.592,-0.624,-0.413,-0.501
1874,1,-0.938,-0.625,-0.623,-0.414,-0.5
1874,2,-0.441,-0.66,-0.621,-0.412,-0.499
1874,3,-1.254,-0.695,-0.615,-0.411,-0.501
1874,4,-0.262,-0.696,-0.608,-0.413,-0.504
1874,5,-0.734,-0.695,-0.588,-0.419,-0.503
1874,6,-0.439,-0.753,-0.578,-0.431,-0.503
1874,7,-0.583,-0.693,-0.561,-0.441,-0.501
1874,8,-0.784,-0.722,-0.558,-0.444,-0.501
1874,9,-0.729,-0.699,-0.56,-0.447,-0.501
1874,10,-0.636,-0.764,-0.555,-0.447,-0.503
1874,11,-0.891,-0.758,-0.562,-0.442,-0.501
1874,12,-1.341,-0.784,-0.568,-0.436,-0.501
1875,1,-0.225,-0.769,-0.574,-0.434,-0.504
1875,2,-0.782,-0.716,-0.569,-0.434,-0.5
1875,3,-0.982,-0.681,-0.555,-0.43,-0.502
1875,4,-1.043,-0.649,-0.547,-0.433,-0.503
1875,5,-0.666,-0.665,-0.528,-0.436,-0.503
1875,6,-0.744,-0.632,-0.502,-0.439,-0.503
1875,7,-0.405,-0.651,-0.49,-0.445,-0.503
1875,8,-0.152,-0.616,-0.453,-0.45,-0.503
1875,9,-0.308,-0.627,-0.413,-0.451,-0.502
1875,10,-0.248,-0.598,-0.389,-0.448,-0.503
1875,11,-1.078,-0.575,-0.37,-0.44,-0.5
1875,12,-0.956,-0.541,-0.367,-0.437,-0.498
1876,1,-0.446,-0.507,-0.362,-0.43,-0.498
1876,2,-0.366,-0.504,-0.36,-0.425,-0.499
1876,3,-1.113,-0.481,-0.354,-0.424,-0.495
1876,4,-0.689,-0.485,-0.344,-0.428,-0.495
1876,5,-0.398,-0.393,-0.328,-0.43,-0.495
1876,6,-0.335,-0.336,-0.314,-0.433,-0.496
1876,7,0.006,-0.273,-0.302,-0.435,-0.497
1876,8,-0.117,-0.243,-0.299,-0.438,-0.499
1876,9,-0.036,-0.19,-0.289,-0.439,-0.5
1876,10,-0.29,-0.18,-0.293,-0.438,-0.5
1876,11,0.029,-0.213,-0.293,-0.432,-0.5
1876,12,-0.278,-0.238,-0.3,-0.429,-0.501
1877,1,0.316,-0.251,-0.298,-0.43,-0.503
1877,2,-0.012,-0.226,-0.29,-0.435,-0.507
1877,3,-0.47,-0.181,-0.285,-0.444,-0.512
1877,4,-0.573,-0.138,-0.277,-0.445,-0.515
1877,5,-0.798,-0.089,-0.27,-0.451,-0.519
1877,6,-0.637,-0.031,-0.257,-0.454,-0.519
1877,7,-0.145,-0.048,-0.253,-0.46,-0.518
1877,8,0.177,0.036,-0.252,-0.464,-0.519
1877,9,0.507,0.14,-0.25,-0.463,-0.52
1877,10,0.225,0.239,-0.253,-0.464,-0.519
1877,11,0.619,0.297,-0.252,-0.467,-0.52
1877,12,0.415,0.319,-0.246,-0.459,-0.519
1878,1,0.121,0.34,-0.249,-0.455,-0.522
1878,2,0.995,0.307,-0.261,-0.448,-0.521
1878,3,0.776,0.269,-0.268,-0.446,-0.521
1878,4,0.616,0.247,-0.271,-0.448,-0.524
1878,5,-0.104,0.203,-0.255,-0.447,-0.526
1878,6,-0.371,0.18,-0.25,-0.447,-0.526
1878,7,0.109,0.153,-0.245,-0.448,-0.528
1878,8,-0.218,0.048,-0.25,-0.449,-0.528
1878,9,0.047,-0.071,-0.241,-0.452,-0.526
1878,10,-0.037,-0.164,-0.243,-0.454,-0.529
1878,11,0.082,-0.213,-0.244,-0.454,-0.529
1878,12,0.15,-0.255,-0.243,-0.457,-0.529
1879,1,-0.214,-0.303,-0.247,-0.452,-0.528
1879,2,-0.255,-0.309,-0.255,-0.456,-0.527
1879,3,-0.652,-0.349,-0.262,-0.459,-0.524
1879,4,-0.502,-0.361,-0.268,-0.471,-0.521
1879,5,-0.696,-0.409,-0.277,-0.471,-0.522
1879,6,-0.878,-0.466,-0.28,-0.473,-0.526
1879,7,-0.467,-0.445,-0.299,-0.469,-0.53
1879,8,-0.286,-0.486,-0.312,-0.469,-0.532
1879,9,-0.436,-0.501,-0.327,-0.467,-0.535
1879,10,-0.182,-0.564,-0.335,-0.468,-0.537
1879,11,-0.489,-0.554,-0.339,-0.464,-0.533
1879,12,-0.538,-0.516,-0.34,-0.46,-0.53
1880,1,0.036,-0.524,-0.346,-0.464,-0.531
1880,2,-0.745,-0.575,-0.358,-0.461,-0.53
1880,3,-0.831,-0.596,-0.371,-0.463,-0.529
1880,4,-1.257,-0.619,-0.382,-0.461,-0.531
1880,5,-0.58,-0.585,-0.406,-0.459,-0.533
1880,6,-0.419,-0.596,-0.415,-0.456,-0.535
1880,7,-0.565,-0.612,-0.421,-0.453,-0.538
1880,8,-0.9,-0.605,-0.444,-0.455,-0.54
1880,9,-0.683,-0.586,-0.48,-0.455,-0.542
1880,10,-0.455,-0.547,-0.508,-0.459,-0.542
1880,11,-0.08,-0.537,-0.524,-0.448,-0.542
1880,12,-0.668,-0.525,-0.526,-0.441,-0.541
1881,1,-0.161,-0.499,-0.533,-0.443,-0.539
1881,2,-0.66,-0.47,-0.538,-0.445,-0.536
1881,3,-0.602,-0.453,-0.55,-0.444,-0.536
1881,4,-0.792,-0.471,-0.565,-0.445,-0.537
1881,5,-0.463,-0.506,-0.581,-0.446,-0.539
1881,6,-0.267,-0.488,-0.6,-0.448,-0.542
1881,7,-0.259,-0.542,-0.602,-0.454,-0.544
1881,8,-0.545,-0.552,-0.613,-0.459,-0.544
1881,9,-0.48,-0.618,-0.629,-0.465,-0.544
1881,10,-0.678,-0.64,-0.649,-0.466,-0.544
1881,11,-0.494,-0.688,-0.649,-0.476,-0.542
1881,12,-0.461,-0.722,-0.645,-0.483,-0.539
1882,1,-0.797,-0.741,-0.641,-0.499,-0.537
1882,2,-0.783,-0.746,-0.648,-0.512,-0.54
1882,3,-1.403,-0.726,-0.648,-0.525,-0.539
1882,4,-1.056,-0.706,-0.658,-0.531,-0.538
1882,5,-1.036,-0.731,-0.657,-0.532,-0.539
1882,6,-0.673,-0.705,-0.663,-0.533,-0.541
1882,7,-0.489,-0.658,-0.675,-0.533,-0.544
1882,8,-0.6,-0.624,-0.67,-0.541,-0.546
1882,9,-0.239,-0.623,-0.676,-0.55,-0.548
1882,10,-0.438,-0.627,-0.669,-0.554,-0.551
1882,11,-0.799,-0.626,-0.666,-0.565,-0.553
1882,12,-0.146,-0.612,-0.665,-0.574,-0.552
1883,1,-0.234,-0.597,-0.656,-0.583,-0.555
1883,2,-0.371,-0.592,-0.648,-0.598,-0.552
1883,3,-1.393,-0.628,-0.642,-0.615,-0.549
1883,4,-1.104,-0.666,-0.646,-0.628,-0.548
1883,5,-1.029,-0.675,-0.642,-0.633,-0.547
1883,6,-0.501,-0.743,-0.633,-0.633,-0.548
1883,7,-0.312,-0.752,-0.641,-0.636,-0.55
1883,8,-0.541,-0.801,-0.641,-0.635,-0.55
1883,9,-0.664,-0.815,-0.646,-0.634,-0.553
1883,10,-0.898,-0.868,-0.646,-0.639,-0.554
1883,11,-0.908,-0.839,-0.649,-0.643,-0.553
1883,12,-0.961,-0.852,-0.653,-0.645,-0.554
1884,1,-0.34,-0.842,-0.66,-0.643,-0.553
1884,2,-0.958,-0.859,-0.664,-0.642,-0.554
1884,3,-1.563,-0.839,-0.667,-0.636,-0.554
1884,4,-1.742,-0.829,-0.664,-0.63,-0.557
1884,5,-0.682,-0.791,-0.676,-0.625,-0.557
1884,6,-0.653,-0.783,-0.685,-0.621,-0.559
1884,7,-0.188,-0.811,-0.699,-0.619,-0.559
1884,8,-0.744,-0.769,-0.713,-0.62,-0.558
1884,9,-0.432,-0.74,-0.723,-0.622,-0.556
1884,10,-0.78,-0.663,-0.727,-0.627,-0.556
1884,11,-0.446,-0.638,-0.726,-0.625,-0.555
1884,12,-0.864,-0.614,-0.726,-0.625,-0.554
1885,1,-0.683,-0.601,-0.72,-0.628,-0.556
1885,2,-0.455,-0.573,-0.724,-0.627,-0.556
1885,3,-1.205,-0.567,-0.728,-0.628,-0.555
1885,4,-0.824,-0.558,-0.727,-0.629,-0.553
1885,5,-0.38,-0.508,-0.725,-0.63,-0.553
1885,6,-0.36,-0.445,-0.733,-0.63,-0.551
1885,7,-0.042,-0.44,-0.745,-0.631,-0.55
1885,8,-0.408,-0.46,-0.752,-0.631,-0.55
1885,9,-0.356,-0.436,-0.75,-0.633,-0.549
1885,10,-0.67,-0.431,-0.747,-0.636,-0.55
1885,11,0.149,-0.452,-0.743,-0.643,-0.546
1885,12,-0.1,-0.466,-0.739,-0.644,-0.544
1886,1,-0.627,-0.519,-0.738,-0.648,-0.545
1886,2,-0.69,-0.55,-0.731,-0.646,-0.545
1886,3,-0.926,-0.577,-0.718,-0.648,-0.543
1886,4,-0.766,-0.562,-0.714,-0.646,-0.544
1886,5,-0.632,-0.673,-0.704,-0.648,-0.545
1886,6,-0.528,-0.751,-0.691,-0.651,-0.544
1886,7,-0.67,-0.832,-0.684,-0.652,-0.545
1886,8,-0.782,-0.911,-0.67,-0.651,-0.545
1886,9,-0.686,-1.001,-0.644,-0.65,-0.545
1886,10,-0.48,-1.046,-0.611,-0.65,-0.544
1886,11,-1.191,-1.073,-0.602,-0.651,-0.546
1886,12,-1.037,-1.084,-0.597,-0.649,-0.546
1887,1,-1.601,-1.043,-0.598,-0.644,-0.549
1887,2,-1.636,-1.046,-0.592,-0.645,-0.549
1887,3,-2.003,-1.03,-0.595,-0.634,-0.548
1887,4,-1.304,-1.018,-0.595,-0.631,-0.545
1887,5,-0.956,-0.979,-0.592,-0.628,-0.544
1887,6,-0.665,-0.941,-0.587,-0.628,-0.543
1887,7,-0.173,-0.887,-0.581,-0.629,-0.542
1887,8,-0.821,-0.82,-0.584,-0.629,-0.542
1887,9,-0.498,-0.756,-0.58,-0.634,-0.546
1887,10,-0.334,-0.728,-0.588,-0.637,-0.546
1887,11,-0.716,-0.713,-0.593,-0.639,-0.55
1887,12,-0.587,-0.681,-0.595,-0.645,-0.553
1888,1,-0.952,-0.686,-0.606,-0.654,-0.554
1888,2,-0.829,-0.626,-0.613,-0.656,-0.562
1888,3,-1.243,-0.577,-0.624,-0.653,-0.567
1888,4,-0.958,-0.604,-0.626,-0.648,-0.57
1888,5,-0.783,-0.57,-0.643,-0.647,-0.569
1888,6,-0.277,-0.535,-0.656,-0.648,-0.568
1888,7,-0.24,-0.451,-0.655,-0.652,-0.571
1888,8,-0.093,-0.39,-0.652,-0.652,-0.571
1888,9,0.088,-0.285,-0.651,-0.654,-0.573
1888,10,-0.655,-0.186,-0.646,-0.653,-0.574
1888,11,-0.317,-0.133,-0.647,-0.651,-0.575
1888,12,-0.162,-0.138,-0.649,-0.651,-0.574
1889,1,0.055,-0.142,-0.643,-0.654,-0.575
1889,2,-0.089,-0.163,-0.639,-0.652,-0.575
1889,3,0.01,-0.225,-0.633,-0.649,-0.575
1889,4,0.235,-0.235,-0.636,-0.643,-0.576
1889,5,-0.147,-0.227,-0.626,-0.643,-0.575
1889,6,-0.343,-0.261,-0.613,-0.645,-0.574
1889,7,-0.28,-0.295,-0.589,-0.649,-0.573
1889,8,-0.355,-0.338,-0.577,-0.646,-0.574
1889,9,-0.658,-0.419,-0.546,-0.645,-0.573
1889,10,-0.77,-0.549,-0.535,-0.644,-0.576
1889,11,-0.224,-0.595,-0.53,-0.647,-0.575
1889,12,-0.569,-0.604,-0.53,-0.648,-0.575
1890,1,-0.343,-0.639,-0.537,-0.648,-0.576
1890,2,-0.607,-0.682,-0.534,-0.652,-0.574
1890,3,-0.97,-0.708,-0.539,-0.648,-0.572
1890,4,-1.323,-0.713,-0.547,-0.645,-0.568
1890,5,-0.696,-0.766,-0.552,-0.647,-0.566
1890,6,-0.456,-0.792,-0.558,-0.646,-0.567
1890,7,-0.695,-0.808,-0.564,-0.647,-0.566
1890,8,-0.871,-0.801,-0.559,-0.646,-0.563
1890,9,-0.966,-0.791,-0.555,-0.644,-0.561
1890,10,-0.836,-0.722,-0.549,-0.64,-0.56
1890,11,-0.863,-0.72,-0.55,-0.644,-0.56
1890,12,-0.87,-0.739,-0.557,-0.648,-0.557
1891,1,-0.539,-0.707,-0.567,-0.648,-0.557
1891,2,-0.519,-0.677,-0.573,-0.645,-0.553
1891,3,-0.85,-0.623,-0.589,-0.643,-0.551
1891,4,-0.499,-0.61,-0.592,-0.643,-0.547
1891,5,-0.668,-0.588,-0.598,-0.643,-0.543
1891,6,-0.688,-0.536,-0.611,-0.641,-0.543
1891,7,-0.311,-0.502,-0.623,-0.636,-0.543
1891,8,-0.51,-0.537,-0.634,-0.631,-0.54
1891,9,-0.321,-0.478,-0.654,-0.626,-0.537
1891,10,-0.677,-0.491,-0.676,-0.622,-0.535
1891,11,-0.601,-0.489,-0.684,-0.615,-0.534
1891,12,-0.25,-0.486,-0.694,-0.609,-0.533
1892,1,-0.129,-0.512,-0.701,-0.6,-0.53
1892,2,-0.94,-0.521,-0.701,-0.586,-0.525
1892,3,-0.141,-0.561,-0.694,-0.571,-0.522
1892,4,-0.652,-0.572,-0.693,-0.56,-0.519
1892,5,-0.642,-0.608,-0.702,-0.556,-0.516
1892,6,-0.658,-0.665,-0.709,-0.553,-0.515
1892,7,-0.622,-0.763,-0.715,-0.55,-0.513
1892,8,-0.613,-0.733,-0.72,-0.543,-0.51
1892,9,-0.804,-0.804,-0.716,-0.542,-0.511
1892,10,-0.815,-0.796,-0.701,-0.539,-0.511
1892,11,-1.026,-0.816,-0.7,-0.535,-0.51
1892,12,-0.932,-0.819,-0.697,-0.531,-0.51
1893,1,-1.314,-0.834,-0.689,-0.525,-0.509
1893,2,-0.571,-0.822,-0.678,-0.525,-0.508
1893,3,-0.993,-0.828,-0.664,-0.52,-0.505
1893,4,-0.566,-0.829,-0.654,-0.512,-0.501
1893,5,-0.879,-0.803,-0.644,-0.505,-0.496
1893,6,-0.696,-0.802,-0.639,-0.504,-0.493
1893,7,-0.8,-0.745,-0.641,-0.506,-0.492
1893,8,-0.463,-0.762,-0.639,-0.508,-0.491
1893,9,-0.876,-0.778,-0.635,-0.512,-0.49
1893,10,-0.835,-0.82,-0.64,-0.508,-0.488
1893,11,-0.709,-0.802,-0.64,-0.507,-0.486
1893,12,-0.926,-0.823,-0.632,-0.502,-0.484
1894,1,-0.629,-0.811,-0.628,-0.507,-0.484
1894,2,-0.773,-0.802,-0.623,-0.508,-0.483
1894,3,-1.188,-0.749,-0.62,-0.514,-0.481
1894,4,-1.067,-0.74,-0.607,-0.522,-0.479
1894,5,-0.665,-0.743,-0.605,-0.525,-0.48
1894,6,-0.943,-0.751,-0.606,-0.527,-0.48
1894,7,-0.661,-0.758,-0.612,-0.527,-0.482
1894,8,-0.346,-0.768,-0.596,-0.528,-0.482
1894,9,-0.243,-0.729,-0.596,-0.524,-0.483
1894,10,-0.723,-0.678,-0.584,-0.526,-0.483
1894,11,-0.746,-0.674,-0.582,-0.525,-0.48
1894,12,-1.028,-0.619,-0.575,-0.526,-0.477
1895,1,-0.71,-0.579,-0.564,-0.524,-0.475
1895,2,-0.9,-0.567,-0.553,-0.52,-0.475
1895,3,-0.718,-0.558,-0.544,-0.517,-0.473
1895,4,-0.449,-0.521,-0.53,-0.508,-0.47
1895,5,-0.626,-0.478,-0.519,-0.503,-0.471
1895,6,-0.283,-0.443,-0.505,-0.505,-0.47
1895,7,-0.174,-0.436,-0.487,-0.501,-0.471
1895,8,-0.208,-0.396,-0.491,-0.496,-0.468
1895,9,-0.128,-0.387,-0.485,-0.489,-0.467
1895,10,-0.287,-0.416,-0.475,-0.484,-0.465
1895,11,-0.222,-0.418,-0.461,-0.477,-0.464
1895,12,-0.609,-0.412,-0.451,-0.469,-0.462
1896,1,-0.631,-0.405,-0.444,-0.466,-0.46
1896,2,-0.414,-0.402,-0.443,-0.46,-0.458
1896,3,-0.612,-0.404,-0.435,-0.454,-0.456
1896,4,-0.804,-0.374,-0.424,-0.447,-0.455
1896,5,-0.644,-0.392,-0.415,-0.439,-0.454
1896,6,-0.208,-0.367,-0.394,-0.435,-0.454
1896,7,-0.09,-0.355,-0.392,-0.435,-0.453
1896,8,-0.18,-0.321,-0.382,-0.429,-0.45
1896,9,-0.148,-0.284,-0.375,-0.425,-0.448
1896,10,0.07,-0.211,-0.369,-0.42,-0.446
1896,11,-0.43,-0.199,-0.366,-0.418,-0.44
1896,12,-0.31,-0.204,-0.36,-0.417,-0.439
1897,1,-0.497,-0.19,-0.353,-0.417,-0.438
1897,2,-0.001,-0.172,-0.355,-0.406,-0.437
1897,3,-0.166,-0.184,-0.355,-0.409,-0.435
1897,4,0.069,-0.186,-0.358,-0.406,-0.434
1897,5,-0.501,-0.18,-0.348,-0.404,-0.434
1897,6,-0.26,-0.162,-0.342,-0.402,-0.434
1897,7,0.073,-0.14,-0.332,-0.397,-0.434
1897,8,0.038,-0.208,-0.321,-0.391,-0.431
1897,9,-0.293,-0.247,-0.318,-0.387,-0.431
1897,10,0.04,-0.249,-0.315,-0.386,-0.431
1897,11,-0.347,-0.209,-0.306,-0.382,-0.428
1897,12,-0.101,-0.198,-0.312,-0.375,-0.425
1898,1,-0.232,-0.237,-0.314,-0.365,-0.422
1898,2,-0.82,-0.274,-0.314,-0.361,-0.42
1898,3,-0.625,-0.282,-0.315,-0.358,-0.418
1898,4,0.035,-0.296,-0.314,-0.355,-0.417
1898,5,-0.01,-0.285,-0.31,-0.346,-0.416
1898,6,-0.134,-0.245,-0.299,-0.338,-0.417
1898,7,-0.394,-0.268,-0.291,-0.332,-0.418
1898,8,-0.405,-0.218,-0.28,-0.33,-0.417
1898,9,-0.387,-0.228,-0.272,-0.327,-0.419
1898,10,-0.131,-0.289,-0.254,-0.323,-0.418
1898,11,-0.209,-0.328,-0.239,-0.321,-0.418
1898,12,0.37,-0.365,-0.237,-0.317,-0.418
1899,1,-0.51,-0.353,-0.241,-0.315,-0.422
1899,2,-0.22,-0.359,-0.236,-0.314,-0.425
1899,3,-0.737,-0.349,-0.23,-0.314,-0.426
1899,4,-0.699,-0.414,-0.233,-0.316,-0.43
1899,5,-0.485,-0.407,-0.231,-0.317,-0.432
1899,6,-0.574,-0.495,-0.228,-0.315,-0.434
1899,7,-0.253,-0.46,-0.222,-0.315,-0.434
1899,8,-0.475,-0.46,-0.216,-0.318,-0.436
1899,9,-0.264,-0.444,-0.222,-0.321,-0.433
1899,10,-0.914,-0.409,-0.228,-0.321,-0.43
1899,11,-0.119,-0.374,-0.226,-0.314,-0.431
1899,12,-0.686,-0.381,-0.229,-0.307,-0.433
1900,1,-0.094,-0.383,-0.231,-0.302,-0.436
1900,2,-0.222,-0.363,-0.23,-0.297,-0.438
1900,3,-0.548,-0.355,-0.23,-0.297,-0.439
1900,4,-0.273,-0.299,-0.242,-0.295,-0.438
1900,5,-0.062,-0.286,-0.245,-0.295,-0.441
1900,6,-0.667,-0.225,-0.246,-0.295,-0.442
1900,7,-0.277,-0.233,-0.242,-0.294,-0.441
1900,8,-0.233,-0.194,-0.23,-0.291,-0.439
1900,9,-0.162,-0.157,-0.232,-0.291,-0.438
1900,10,-0.245,-0.113,-0.234,-0.29,-0.437
1900,11,0.034,-0.083,-0.231,-0.284,-0.433
1900,12,0.049,-0.039,-0.225,-0.277,-0.429
1901,1,-0.185,-0.043,-0.22,-0.273,-0.429
1901,2,0.242,-0.011,-0.217,-0.271,-0.432
1901,3,-0.1,0.019,-0.218,-0.269,-0.435
1901,4,0.247,0.029,-0.223,-0.266,-0.436
1901,5,0.302,0.001,-0.227,-0.264,-0.437
1901,6,-0.133,-0.011,-0.239,-0.268,-0.434
1901,7,-0.329,-0.007,-0.238,-0.271,-0.435
1901,8,0.144,0.001,-0.245,-0.269,-0.434
1901,9,0.205,-0.036,-0.253,-0.271,-0.433
1901,10,-0.124,-0.08,-0.263,-0.271,-0.43
1901,11,-0.306,-0.135,-0.268,-0.264,-0.427
1901,12,-0.098,-0.162,-0.27,-0.269,-0.426
1902,1,-0.13,-0.138,-0.277,-0.275,-0.425
1902,2,0.329,-0.142,-0.281,-0.288,-0.421
1902,3,-0.54,-0.186,-0.287,-0.3,-0.422
1902,4,-0.279,-0.231,-0.284,-0.309,-0.423
1902,5,-0.365,-0.25,-0.281,-0.313,-0.422
1902,6,-0.447,-0.252,-0.271,-0.315,-0.421
1902,7,-0.049,-0.243,-0.271,-0.317,-0.42
1902,8,0.097,-0.28,-0.274,-0.32,-0.419
1902,9,-0.323,-0.293,-0.277,-0.319,-0.416
1902,10,-0.664,-0.281,-0.275,-0.323,-0.415
1902,11,-0.532,-0.235,-0.285,-0.321,-0.411
1902,12,-0.119,-0.179,-0.278,-0.318,-0.406
1903,1,-0.025,-0.184,-0.275,-0.318,-0.402
1903,2,-0.12,-0.208,-0.267,-0.315,-0.403
1903,3,-0.696,-0.219,-0.268,-0.316,-0.403
1903,4,-0.134,-0.2,-0.266,-0.322,-0.408
1903,5,0.189,-0.194,-0.258,-0.327,-0.41
1903,6,0.222,-0.215,-0.255,-0.33,-0.413
1903,7,-0.101,-0.25,-0.254,-0.329,-0.413
1903,8,-0.197,-0.291,-0.261,-0.327,-0.415
1903,9,-0.451,-0.335,-0.265,-0.326,-0.414
1903,10,-0.43,-0.43,-0.279,-0.328,-0.414
1903,11,-0.47,-0.511,-0.29,-0.33,-0.413
1903,12,-0.365,-0.59,-0.299,-0.334,-0.412
1904,1,-0.444,-0.637,-0.301,-0.336,-0.412
1904,2,-0.612,-0.682,-0.303,-0.341,-0.411
1904,3,-1.225,-0.696,-0.311,-0.337,-0.409
1904,4,-1.278,-0.718,-0.309,-0.338,-0.407
1904,5,-0.775,-0.675,-0.297,-0.338,-0.408
1904,6,-0.73,-0.652,-0.31,-0.341,-0.408
1904,7,-0.67,-0.624,-0.329,-0.342,-0.407
1904,8,-0.739,-0.605,-0.359,-0.343,-0.408
1904,9,-0.611,-0.564,-0.377,-0.342,-0.408
1904,10,-0.701,-0.469,-0.39,-0.334,-0.406
1904,11,0.053,-0.46,-0.4,-0.337,-0.403
1904,12,-0.094,-0.42,-0.402,-0.341,-0.396
1905,1,-0.108,-0.371,-0.403,-0.348,-0.393
1905,2,-0.382,-0.291,-0.409,-0.356,-0.392
1905,3,-0.729,-0.258,-0.409,-0.361,-0.39
1905,4,-0.144,-0.21,-0.403,-0.369,-0.391
1905,5,-0.668,-0.173,-0.396,-0.379,-0.389
1905,6,-0.241,-0.146,-0.391,-0.379,-0.387
1905,7,-0.086,-0.147,-0.393,-0.381,-0.386
1905,8,0.216,-0.129,-0.399,-0.382,-0.385
1905,9,-0.214,-0.099,-0.401,-0.387,-0.383
1905,10,-0.117,-0.132,-0.411,-0.389,-0.38
1905,11,0.494,-0.111,-0.422,-0.39,-0.38
1905,12,0.232,-0.142,-0.434,-0.388,-0.376
1906,1,-0.123,-0.175,-0.439,-0.392,-0.375
1906,2,-0.164,-0.191,-0.437,-0.403,-0.376
1906,3,-0.378,-0.198,-0.434,-0.416,-0.377
1906,4,-0.538,-0.186,-0.433,-0.425,-0.377
1906,5,-0.409,-0.191,-0.433,-0.434,-0.375
1906,6,-0.618,-0.288,-0.429,-0.434,-0.376
1906,7,-0.479,-0.382,-0.434,-0.436,-0.377
1906,8,0.019,-0.49,-0.437,-0.438,-0.377
1906,9,-0.293,-0.594,-0.421,-0.441,-0.378
1906,10,0.024,-0.639,-0.413,-0.44,-0.38
1906,11,0.436,-0.685,-0.409,-0.437,-0.381
1906,12,-0.933,-0.679,-0.412,-0.436,-0.384
1907,1,-1.248,-0.649,-0.406,-0.434,-0.386
1907,2,-1.465,-0.673,-0.405,-0.437,-0.392
1907,3,-1.62,-0.672,-0.397,-0.435,-0.397
1907,4,-1.08,-0.702,-0.385,-0.439,-0.401
1907,5,-0.958,-0.747,-0.394,-0.44,-0.402
1907,6,-0.554,-0.655,-0.41,-0.441,-0.404
1907,7,-0.122,-0.564,-0.425,-0.442,-0.406
1907,8,-0.261,-0.483,-0.438,-0.446,-0.408
1907,9,-0.282,-0.411,-0.446,-0.445,-0.41
1907,10,-0.342,-0.382,-0.462,-0.443,-0.413
1907,11,-0.104,-0.346,-0.473,-0.439,-0.413
1907,12,0.169,-0.34,-0.48,-0.438,-0.417
1908,1,-0.146,-0.361,-0.487,-0.439,-0.419
1908,2,-0.493,-0.345,-0.497,-0.446,-0.418
1908,3,-0.762,-0.344,-0.507,-0.448,-0.42
1908,4,-0.731,-0.351,-0.512,-0.46,-0.423
1908,5,-0.529,-0.379,-0.521,-0.475,-0.428
1908,6,-0.473,-0.405,-0.521,-0.487,-0.43
1908,7,-0.378,-0.455,-0.531,-0.494,-0.43
1908,8,-0.071,-0.48,-0.546,-0.499,-0.428
1908,9,-0.268,-0.436,-0.567,-0.501,-0.428
1908,10,-0.429,-0.444,-0.571,-0.505,-0.429
1908,11,-0.437,-0.443,-0.578,-0.505,-0.431
1908,12,-0.148,-0.477,-0.57,-0.508,-0.434
1909,1,-0.736,-0.476,-0.57,-0.509,-0.434
1909,2,-0.793,-0.527,-0.573,-0.508,-0.433
1909,3,-0.24,-0.514,-0.57,-0.503,-0.432
1909,4,-0.826,-0.475,-0.572,-0.499,-0.431
1909,5,-0.522,-0.479,-0.577,-0.499,-0.429
1909,6,-0.877,-0.556,-0.561,-0.501,-0.426
1909,7,-0.364,-0.578,-0.538,-0.5,-0.428
1909,8,-0.684,-0.607,-0.514,-0.498,-0.426
1909,9,-0.109,-0.688,-0.492,-0.495,-0.426
1909,10,0.036,-0.715,-0.488,-0.491,-0.423
1909,11,-0.481,-0.78,-0.479,-0.491,-0.423
1909,12,-1.075,-0.76,-0.479,-0.484,-0.421
1910,1,-0.998,-0.775,-0.481,-0.485,-0.421
1910,2,-1.149,-0.747,-0.482,-0.487,-0.419
1910,3,-1.204,-0.805,-0.482,-0.483,-0.418
1910,4,-1.156,-0.846,-0.483,-0.487,-0.418
1910,5,-1.298,-0.81,-0.483,-0.483,-0.419
1910,6,-0.635,-0.699,-0.484,-0.48,-0.418
1910,7,-0.543,-0.675,-0.485,-0.478,-0.419
1910,8,-0.356,-0.668,-0.492,-0.479,-0.42
1910,9,-0.807,-0.705,-0.496,-0.475,-0.421
1910,10,-0.454,-0.676,-0.51,-0.471,-0.42
1910,11,-0.044,-0.636,-0.527,-0.475,-0.421
1910,12,0.255,-0.593,-0.54,-0.475,-0.421
1911,1,-0.712,-0.591,-0.549,-0.477,-0.421
1911,2,-1.067,-0.571,-0.562,-0.48,-0.423
1911,3,-1.645,-0.517,-0.568,-0.486,-0.427
1911,4,-0.808,-0.484,-0.576,-0.488,-0.434
1911,5,-0.813,-0.468,-0.578,-0.485,-0.439
1911,6,-0.118,-0.488,-0.587,-0.484,-0.44
1911,7,-0.521,-0.419,-0.584,-0.482,-0.442
1911,8,-0.112,-0.334,-0.579,-0.485,-0.444
1911,9,-0.162,-0.222,-0.586,-0.485,-0.447
1911,10,-0.056,-0.222,-0.585,-0.49,-0.448
1911,11,0.144,-0.19,-0.59,-0.497,-0.447
1911,12,0.013,-0.227,-0.591,-0.498,-0.447
1912,1,0.119,-0.205,-0.593,-0.497,-0.449
1912,2,-0.05,-0.22,-0.591,-0.496,-0.452
1912,3,-0.302,-0.23,-0.593,-0.494,-0.455
1912,4,-0.808,-0.258,-0.597,-0.493,-0.46
1912,5,-0.428,-0.279,-0.589,-0.492,-0.462
1912,6,-0.565,-0.271,-0.559,-0.493,-0.465
1912,7,-0.249,-0.3,-0.545,-0.494,-0.468
1912,8,-0.297,-0.37,-0.537,-0.497,-0.471
1912,9,-0.279,-0.427,-0.521,-0.5,-0.471
1912,10,-0.396,-0.493,-0.512,-0.503,-0.471
1912,11,-0.105,-0.588,-0.492,-0.505,-0.472
1912,12,0.105,-0.642,-0.481,-0.515,-0.473
1913,1,-0.22,-0.699,-0.468,-0.521,-0.477
1913,2,-0.899,-0.745,-0.461,-0.521,-0.481
1913,3,-0.976,-0.774,-0.444,-0.523,-0.483
1913,4,-1.61,-0.816,-0.43,-0.524,-0.488
1913,5,-1.565,-0.854,-0.43,-0.529,-0.491
1913,6,-1.214,-0.921,-0.429,-0.53,-0.495
1913,7,-0.928,-0.948,-0.424,-0.53,-0.496
1913,8,-0.849,-0.915,-0.415,-0.529,-0.495
1913,9,-0.634,-0.887,-0.405,-0.53,-0.494
1913,10,-0.893,-0.817,-0.404,-0.531,-0.492
1913,11,-0.566,-0.755,-0.393,-0.531,-0.49
1913,12,-0.699,-0.732,-0.398,-0.534,-0.49
1914,1,-0.544,-0.697,-0.395,-0.531,-0.488
1914,2,-0.509,-0.673,-0.397,-0.524,-0.488
1914,3,-0.631,-0.637,-0.4,-0.527,-0.483
1914,4,-0.774,-0.58,-0.408,-0.525,-0.479
1914,5,-0.822,-0.533,-0.418,-0.519,-0.477
1914,6,-0.941,-0.414,-0.436,-0.512,-0.476
1914,7,-0.497,-0.382,-0.456,-0.514,-0.475
1914,8,-0.564,-0.398,-0.478,-0.508,-0.473
1914,9,-0.198,-0.363,-0.496,-0.51,-0.473
1914,10,-0.219,-0.352,-0.499,-0.511,-0.471
1914,11,0.006,-0.291,-0.505,-0.51,-0.472
1914,12,0.728,-0.208,-0.506,-0.501,-0.472
1915,1,-0.167,-0.15,-0.507,-0.493,-0.473
1915,2,-0.694,-0.095,-0.513,-0.483,-0.475
1915,3,-0.214,-0.063,-0.517,-0.475,-0.476
1915,4,-0.643,-0.011,-0.524,-0.467,-0.478
1915,5,-0.092,-0.014,-0.528,-0.458,-0.478
1915,6,0.057,-0.05,-0.546,-0.458,-0.48
1915,7,0.196,-0.071,-0.556,-0.457,-0.483
1915,8,0.098,-0.059,-0.551,-0.457,-0.484
1915,9,0.187,-0.129,-0.551,-0.454,-0.485
1915,10,0.411,-0.134,-0.537,-0.452,-0.486
1915,11,-0.033,-0.14,-0.532,-0.452,-0.489
1915,12,0.291,-0.178,-0.521,-0.455,-0.49
1916,1,-0.41,-0.222,-0.511,-0.45,-0.488
1916,2,-0.549,-0.25,-0.497,-0.443,-0.486
1916,3,-1.055,-0.296,-0.491,-0.437,-0.485
1916,4,-0.71,-0.373,-0.485,-0.443,-0.483
1916,5,-0.161,-0.412,-0.484,-0.444,-0.482
1916,6,-0.394,-0.524,-0.481,-0.446,-0.48
1916,7,-0.343,-0.579,-0.478,-0.448,-0.479
1916,8,-0.238,-0.649,-0.469,-0.451,-0.479
1916,9,-0.361,-0.677,-0.468,-0.453,-0.478
1916,10,-0.513,-0.698,-0.464,-0.455,-0.478
1916,11,-0.495,-0.749,-0.448,-0.458,-0.479
1916,12,-1.058,-0.769,-0.433,-0.459,-0.475
1917,1,-1.067,-0.766,-0.435,-0.464,-0.47
1917,2,-1.388,-0.801,-0.424,-0.468,-0.466
1917,3,-1.397,-0.815,-0.427,-0.475,-0.461
1917,4,-0.963,-0.84,-0.425,-0.481,-0.46
1917,5,-0.766,-0.827,-0.431,-0.485,-0.457
1917,6,-0.637,-0.821,-0.442,-0.49,-0.456
1917,7,-0.308,-0.8,-0.442,-0.493,-0.457
1917,8,-0.656,-0.733,-0.429,-0.497,-0.456
1917,9,-0.535,-0.7,-0.43,-0.497,-0.454
1917,10,-0.81,-0.686,-0.422,-0.499,-0.451
1917,11,-0.342,-0.723,-0.424,-0.504,-0.449
1917,12,-0.982,-0.716,-0.436,-0.509,-0.45
1918,1,-0.816,-0.718,-0.445,-0.516,-0.45
1918,2,-0.586,-0.665,-0.454,-0.516,-0.448
1918,3,-0.999,-0.644,-0.464,-0.517,-0.447
1918,4,-0.791,-0.623,-0.474,-0.515,-0.447
1918,5,-1.211,-0.636,-0.475,-0.508,-0.447
1918,6,-0.558,-0.596,-0.48,-0.503,-0.446
1918,7,-0.335,-0.558,-0.477,-0.498,-0.445
1918,8,-0.01,-0.509,-0.471,-0.491,-0.446
1918,9,-0.29,-0.473,-0.469,-0.487,-0.446
1918,10,-0.554,-0.451,-0.482,-0.48,-0.444
1918,11,-0.499,-0.338,-0.495,-0.474,-0.44
1918,12,-0.498,-0.296,-0.495,-0.472,-0.438
1919,1,-0.362,-0.318,-0.502,-0.467,-0.434
1919,2,-0.002,-0.31,-0.505,-0.467,-0.432
1919,3,-0.568,-0.317,-0.507,-0.464,-0.432
1919,4,-0.525,-0.278,-0.503,-0.458,-0.432
1919,5,0.144,-0.264,-0.498,-0.454,-0.434
1919,6,-0.057,-0.222,-0.482,-0.452,-0.434
1919,7,-0.592,-0.202,-0.473,-0.45,-0.434
1919,8,0.086,-0.196,-0.458,-0.449,-0.434
1919,9,-0.375,-0.17,-0.453,-0.45,-0.435
1919,10,-0.092,-0.142,-0.463,-0.451,-0.435
1919,11,-0.326,-0.172,-0.465,-0.453,-0.434
1919,12,0.01,-0.221,-0.474,-0.46,-0.429
1920,1,-0.126,-0.2,-0.48,-0.461,-0.427
1920,2,0.064,-0.244,-0.48,-0.463,-0.425
1920,3,-0.255,-0.246,-0.478,-0.47,-0.423
1920,4,-0.186,-0.255,-0.474,-0.469,-0.42
1920,5,-0.217,-0.237,-0.48,-0.473,-0.415
1920,6,-0.647,-0.24,-0.472,-0.48,-0.415
1920,7,-0.333,-0.246,-0.476,-0.488,-0.414
1920,8,-0.443,-0.267,-0.481,-0.49,-0.413
1920,9,-0.398,-0.324,-0.484,-0.494,-0.41
1920,10,-0.209,-0.434,-0.493,-0.5,-0.408
1920,11,-0.109,-0.493,-0.484,-0.503,-0.407
1920,12,-0.016,-0.471,-0.485,-0.505,-0.406
1921,1,-0.205,-0.51,-0.485,-0.499,-0.402
1921,2,-0.183,-0.508,-0.486,-0.493,-0.398
1921,3,-0.941,-0.512,-0.483,-0.484,-0.389
1921,4,-1.504,-0.517,-0.475,-0.479,-0.385
1921,5,-0.933,-0.525,-0.463,-0.478,-0.38
1921,6,-0.374,-0.534,-0.462,-0.476,-0.379
1921,7,-0.807,-0.56,-0.457,-0.475,-0.377
1921,8,-0.424,-0.586,-0.465,-0.474,-0.376
1921,9,-0.437,-0.596,-0.459,-0.471,-0.377
1921,10,-0.269,-0.6,-0.452,-0.467,-0.377
1921,11,-0.212,-0.599,-0.46,-0.461,-0.378
1921,12,-0.118,-0.665,-0.47,-0.452,-0.378
1922,1,-0.513,-0.655,-0.466,-0.442,-0.379
1922,2,-0.494,-0.676,-0.473,-0.436,-0.382
1922,3,-1.067,-0.669,-0.473,-0.428,-0.381
1922,4,-1.556,-0.696,-0.477,-0.426,-0.378
1922,5,-0.916,-0.735,-0.475,-0.422,-0.378
1922,6,-1.165,-0.771,-0.478,-0.42,-0.375
1922,7,-0.684,-0.813,-0.48,-0.419,-0.376
1922,8,-0.675,-0.849,-0.497,-0.415,-0.375
1922,9,-0.362,-0.855,-0.51,-0.408,-0.372
1922,10,-0.594,-0.84,-0.516,-0.398,-0.37
1922,11,-0.673,-0.816,-0.523,-0.392,-0.368
1922,12,-0.55,-0.77,-0.525,-0.385,-0.368
1923,1,-1.016,-0.743,-0.531,-0.38,-0.368
1923,2,-0.929,-0.692,-0.527,-0.376,-0.367
1923,3,-1.142,-0.671,-0.525,-0.371,-0.365
1923,4,-1.376,-0.626,-0.527,-0.369,-0.361
1923,5,-0.63,-0.554,-0.531,-0.364,-0.356
1923,6,-0.615,-0.546,-0.53,-0.361,-0.353
1923,7,-0.358,-0.465,-0.52,-0.36,-0.351
1923,8,-0.058,-0.428,-0.514,-0.363,-0.349
1923,9,-0.117,-0.349,-0.499,-0.362,-0.348
1923,10,-0.052,-0.245,-0.475,-0.357,-0.346
1923,11,0.197,-0.217,-0.461,-0.348,-0.343
1923,12,-0.462,-0.223,-0.458,-0.341,-0.342
1924,1,-0.036,-0.221,-0.447,-0.338,-0.341
1924,2,-0.494,-0.245,-0.442,-0.339,-0.342
1924,3,-0.19,-0.268,-0.434,-0.338,-0.343
1924,4,-0.129,-0.29,-0.431,-0.34,-0.342
1924,5,-0.291,-0.323,-0.424,-0.349,-0.342
1924,6,-0.686,-0.299,-0.422,-0.356,-0.341
1924,7,-0.339,-0.317,-0.412,-0.354,-0.341
1924,8,-0.339,-0.356,-0.413,-0.359,-0.34
1924,9,-0.4,-0.425,-0.404,-0.36,-0.34
1924,10,-0.306,-0.461,-0.389,-0.359,-0.34
1924,11,-0.202,-0.488,-0.38,-0.358,-0.341
1924,12,-0.172,-0.495,-0.365,-0.358,-0.344
1925,1,-0.255,-0.524,-0.359,-0.361,-0.347
1925,2,-0.962,-0.512,-0.349,-0.367,-0.347
1925,3,-1.021,-0.502,-0.339,-0.37,-0.351
1925,4,-0.563,-0.506,-0.323,-0.372,-0.351
1925,5,-0.607,-0.52,-0.305,-0.373,-0.355
1925,6,-0.777,-0.503,-0.298,-0.372,-0.358
1925,7,-0.681,-0.447,-0.285,-0.372,-0.361
1925,8,-0.201,-0.352,-0.27,-0.368,-0.363
1925,9,-0.274,-0.272,-0.258,-0.366,-0.365
1925,10,-0.352,-0.229,-0.245,-0.365,-0.37
1925,11,-0.378,-0.183,-0.243,-0.362,-0.372
1925,12,0.042,-0.137,-0.237,-0.358,-0.374
1926,1,0.41,-0.093,-0.235,-0.353,-0.372
1926,2,0.178,-0.086,-0.24,-0.353,-0.372
1926,3,-0.056,-0.06,-0.241,-0.341,-0.37
1926,4,-0.05,-0.036,-0.239,-0.327,-0.367
1926,5,-0.056,0.012,-0.233,-0.316,-0.367
1926,6,-0.222,0.008,-0.22,-0.312,-0.366
1926,7,-0.15,-0.018,-0.218,-0.305,-0.366
1926,8,-0.124,-0.08,-0.213,-0.301,-0.366
1926,9,0.033,-0.118,-0.216,-0.3,-0.367
1926,10,-0.057,-0.171,-0.227,-0.298,-0.366
1926,11,0.195,-0.194,-0.239,-0.298,-0.366
1926,12,0.002,-0.201,-0.242,-0.297,-0.364
1927,1,0.094,-0.212,-0.242,-0.294,-0.362
1927,2,-0.569,-0.212,-0.246,-0.295,-0.36
1927,3,-0.507,-0.195,-0.246,-0.287,-0.355
1927,4,-0.688,-0.156,-0.242,-0.276,-0.353
1927,5,-0.335,-0.141,-0.242,-0.27,-0.351
1927,6,-0.303,-0.149,-0.239,-0.261,-0.349
1927,7,-0.284,-0.177,-0.242,-0.258,-0.348
1927,8,-0.119,-0.133,-0.237,-0.253,-0.346
1927,9,0.233,-0.128,-0.23,-0.248,-0.343
1927,10,0.411,-0.12,-0.228,-0.241,-0.34
1927,11,0.374,-0.135,-0.223,-0.233,-0.336
1927,12,-0.091,-0.131,-0.22,-0.228,-0.332
1928,1,-0.247,-0.126,-0.212,-0.221,-0.33
1928,2,-0.036,-0.145,-0.209,-0.218,-0.333
1928,3,-0.45,-0.181,-0.207,-0.212,-0.334
1928,4,-0.596,-0.208,-0.202,-0.206,-0.338
1928,5,-0.517,-0.195,-0.193,-0.205,-0.336
1928,6,-0.255,-0.159,-0.185,-0.204,-0.337
1928,7,-0.217,-0.132,-0.186,-0.203,-0.338
1928,8,-0.348,-0.145,-0.192,-0.206,-0.339
1928,9,-0.193,-0.139,-0.183,-0.21,-0.339
1928,10,0.084,-0.153,-0.179,-0.212,-0.337
1928,11,0.533,-0.197,-0.172,-0.213,-0.337
1928,12,0.329,-0.246,-0.166,-0.211,-0.335
1929,1,0.077,-0.256,-0.163,-0.215,-0.336
1929,2,-0.18,-0.275,-0.16,-0.216,-0.34
1929,3,-0.38,-0.293,-0.166,-0.221,-0.342
1929,4,-0.77,-0.302,-0.166,-0.226,-0.345
1929,5,-1.037,-0.366,-0.172,-0.229,-0.35
1929,6,-0.849,-0.393,-0.172,-0.229,-0.353
1929,7,-0.333,-0.433,-0.176,-0.231,-0.352
1929,8,-0.583,-0.477,-0.178,-0.232,-0.354
1929,9,-0.406,-0.493,-0.171,-0.231,-0.352
1929,10,-0.03,-0.469,-0.162,-0.229,-0.351
1929,11,-0.228,-0.405,-0.161,-0.229,-0.349
1929,12,0.009,-0.385,-0.157,-0.228,-0.348
1930,1,-0.413,-0.376,-0.158,-0.233,-0.348
1930,2,-0.708,-0.329,-0.157,-0.231,-0.347
1930,3,-0.563,-0.307,-0.156,-0.232,-0.347
1930,4,-0.483,-0.309,-0.159,-0.233,-0.346
1930,5,-0.271,-0.276,-0.16,-0.237,-0.347
1930,6,-0.61,-0.233,-0.158,-0.236,-0.345
1930,7,-0.231,-0.167,-0.157,-0.233,-0.343
1930,8,-0.012,-0.127,-0.167,-0.236,-0.34
1930,9,-0.144,-0.038,-0.166,-0.237,-0.338
1930,10,-0.05,0.016,-0.167,-0.24,-0.337
1930,11,0.16,0.073,-0.166,-0.241,-0.336
1930,12,0.533,0.132,-0.171,-0.242,-0.335
1931,1,0.371,0.153,-0.171,-0.246,-0.335
1931,2,-0.221,0.161,-0.172,-0.251,-0.331
1931,3,0.501,0.146,-0.179,-0.255,-0.326
1931,4,0.162,0.145,-0.184,-0.255,-0.319
1931,5,0.416,0.117,-0.193,-0.257,-0.314
1931,6,0.098,0.074,-0.203,-0.255,-0.313
1931,7,0.019,0.032,-0.211,-0.257,-0.31
1931,8,0.084,-0.008,-0.219,-0.259,-0.308
1931,9,-0.317,-0.059,-0.227,-0.263,-0.306
1931,10,-0.071,-0.084,-0.225,-0.266,-0.305
1931,11,-0.176,-0.142,-0.219,-0.271,-0.303
1931,12,0.019,-0.155,-0.217,-0.275,-0.299
1932,1,-0.132,-0.184,-0.22,-0.281,-0.294
1932,2,-0.695,-0.195,-0.217,-0.285,-0.291
1932,3,-0.113,-0.145,-0.215,-0.282,-0.284
1932,4,-0.14,-0.123,-0.217,-0.28,-0.277
1932,5,-0.284,-0.082,-0.216,-0.28,-0.273
1932,6,-0.051,-0.079,-0.218,-0.279,-0.268
1932,7,-0.336,-0.084,-0.224,-0.276,-0.264
1932,8,-0.045,-0.079,-0.225,-0.277,-0.262
1932,9,0.282,-0.104,-0.234,-0.278,-0.261
1932,10,0.193,-0.147,-0.239,-0.282,-0.257
1932,11,0.323,-0.157,-0.251,-0.279,-0.253
1932,12,0.056,-0.201,-0.252,-0.279,-0.248
1933,1,-0.199,-0.193,-0.254,-0.28,-0.243
1933,2,-0.635,-0.224,-0.263,-0.29,-0.239
1933,3,-0.416,-0.295,-0.266,-0.297,-0.236
1933,4,-0.651,-0.332,-0.277,-0.306,-0.231
1933,5,-0.409,-0.358,-0.288,-0.308,-0.232
1933,6,-0.57,-0.383,-0.3,-0.313,-0.233
1933,7,-0.24,-0.403,-0.307,-0.315,-0.233
1933,8,-0.421,-0.404,-0.309,-0.315,-0.233
1933,9,-0.568,-0.44,-0.328,-0.315,-0.233
1933,10,-0.251,-0.441,-0.331,-0.318,-0.233
1933,11,0.006,-0.464,-0.343,-0.326,-0.234
1933,12,-0.243,-0.475,-0.344,-0.329,-0.231
1934,1,-0.445,-0.502,-0.35,-0.334,-0.231
1934,2,-0.643,-0.498,-0.358,-0.34,-0.23
1934,3,-0.843,-0.475,-0.36,-0.347,-0.23
1934,4,-0.668,-0.464,-0.366,-0.351,-0.229
1934,5,-0.688,-0.48,-0.37,-0.35,-0.23
1934,6,-0.694,-0.47,-0.378,-0.351,-0.229
1934,7,-0.563,-0.497,-0.387,-0.351,-0.227
1934,8,-0.38,-0.506,-0.392,-0.348,-0.227
1934,9,-0.287,-0.527,-0.393,-0.344,-0.227
1934,10,-0.12,-0.536,-0.398,-0.343,-0.225
1934,11,-0.186,-0.563,-0.399,-0.339,-0.227
1934,12,-0.12,-0.561,-0.401,-0.338,-0.228
1935,1,-0.771,-0.545,-0.394,-0.334,-0.23
1935,2,-0.751,-0.556,-0.397,-0.327,-0.227
1935,3,-1.094,-0.562,-0.399,-0.324,-0.225
1935,4,-0.781,-0.613,-0.404,-0.32,-0.227
1935,5,-1.005,-0.639,-0.399,-0.321,-0.228
1935,6,-0.669,-0.641,-0.4,-0.317,-0.226
1935,7,-0.372,-0.58,-0.403,-0.314,-0.224
1935,8,-0.518,-0.549,-0.413,-0.313,-0.224
1935,9,-0.359,-0.508,-0.427,-0.31,-0.224
1935,10,-0.726,-0.449,-0.445,-0.309,-0.225
1935,11,-0.499,-0.386,-0.451,-0.309,-0.226
1935,12,-0.14,-0.329,-0.454,-0.313,-0.226
1936,1,-0.047,-0.325,-0.459,-0.316,-0.227
1936,2,-0.374,-0.317,-0.457,-0.309,-0.231
1936,3,-0.609,-0.321,-0.451,-0.311,-0.231
1936,4,-0.067,-0.301,-0.451,-0.31,-0.233
1936,5,-0.247,-0.289,-0.458,-0.312,-0.235
1936,6,0.005,-0.318,-0.455,-0.313,-0.236
1936,7,-0.314,-0.37,-0.456,-0.315,-0.237
1936,8,-0.42,-0.42,-0.461,-0.315,-0.238
1936,9,-0.416,-0.386,-0.468,-0.312,-0.24
1936,10,-0.482,-0.418,-0.477,-0.312,-0.241
1936,11,-0.357,-0.423,-0.482,-0.307,-0.242
1936,12,-0.487,-0.441,-0.485,-0.301,-0.242
1937,1,-0.669,-0.409,-0.481,-0.295,-0.242
1937,2,-0.981,-0.388,-0.478,-0.287,-0.238
1937,3,-0.193,-0.343,-0.473,-0.28,-0.234
1937,4,-0.452,-0.311,-0.469,-0.278,-0.231
1937,5,-0.312,-0.227,-0.462,-0.275,-0.231
1937,6,-0.211,-0.189,-0.457,-0.274,-0.23
1937,7,0.075,-0.166,-0.445,-0.27,-0.229
1937,8,-0.172,-0.185,-0.43,-0.271,-0.228
1937,9,0.125,-0.272,-0.415,-0.274,-0.23
1937,10,-0.101,-0.379,-0.402,-0.274,-0.23
1937,11,0.654,-0.418,-0.39,-0.273,-0.231
1937,12,-0.028,-0.466,-0.382,-0.269,-0.23
1938,1,-0.389,-0.516,-0.375,-0.266,-0.228
1938,2,-1.215,-0.526,-0.363,-0.26,-0.228
1938,3,-1.241,-0.556,-0.355,-0.259,-0.227
1938,4,-1.735,-0.567,-0.34,-0.256,-0.226
1938,5,-0.773,-0.657,-0.331,-0.259,-0.222
1938,6,-0.793,-0.66,-0.325,-0.261,-0.219
1938,7,-0.526,-0.67,-0.326,-0.263,-0.218
1938,8,-0.294,-0.647,-0.31,-0.261,-0.216
1938,9,-0.227,-0.646,-0.294,-0.256,-0.214
1938,10,-0.236,-0.601,-0.289,-0.254,-0.214
1938,11,-0.429,-0.619,-0.282,-0.254,-0.215
1938,12,-0.057,-0.626,-0.282,-0.251,-0.216
1939,1,-0.513,-0.611,-0.28,-0.247,-0.218
1939,2,-0.94,-0.604,-0.272,-0.244,-0.22
1939,3,-1.232,-0.585,-0.265,-0.238,-0.22
1939,4,-1.199,-0.552,-0.257,-0.231,-0.218
1939,5,-0.989,-0.496,-0.244,-0.231,-0.214
1939,6,-0.867,-0.48,-0.224,-0.228,-0.212
1939,7,-0.355,-0.437,-0.204,-0.224,-0.213
1939,8,-0.202,-0.347,-0.182,-0.222,-0.211
1939,9,0.0,-0.263,-0.167,-0.223,-0.21
1939,10,0.163,-0.16,-0.158,-0.222,-0.212
1939,11,0.238,-0.105,-0.152,-0.226,-0.212
1939,12,0.139,-0.049,-0.147,-0.227,-0.214
1940,1,-0.005,-0.013,-0.147,-0.226,-0.217
1940,2,0.149,0.022,-0.146,-0.223,-0.217
1940,3,-0.234,0.032,-0.149,-0.219,-0.219
1940,4,0.039,0.029,-0.143,-0.22,-0.222
1940,5,-0.329,0.017,-0.148,-0.218,-0.225
1940,6,-0.189,0.018,-0.138,-0.215,-0.224
1940,7,0.079,0.011,-0.129,-0.214,-0.225
1940,8,0.216,0.05,-0.108,-0.212,-0.225
1940,9,0.117,0.097,-0.092,-0.212,-0.226
1940,10,0.132,0.113,-0.067,-0.21,-0.226
1940,11,0.086,0.156,-0.068,-0.21,-0.228
1940,12,0.161,0.172,-0.068,-0.209,-0.231
1941,1,-0.091,0.15,-0.066,-0.208,-0.235
1941,2,0.613,0.134,-0.064,-0.21,-0.24
1941,3,0.335,0.127,-0.06,-0.207,-0.248
1941,4,0.229,0.116,-0.058,-0.211,-0.248
1941,5,0.184,0.142,-0.05,-0.214,-0.248
1941,6,0.009,0.19,-0.047,-0.217,-0.248
1941,7,-0.19,0.244,-0.037,-0.217,-0.249
1941,8,0.023,0.218,-0.027,-0.217,-0.247
1941,9,0.028,0.251,-0.008,-0.217,-0.246
1941,10,-0.002,0.235,0.014,-0.215,-0.244
1941,11,0.401,0.227,0.019,-0.214,-0.242
1941,12,0.739,0.232,0.029,-0.209,-0.241
1942,1,0.554,0.258,0.034,-0.202,-0.242
1942,2,0.309,0.242,0.034,-0.191,-0.239
1942,3,0.722,0.236,0.028,-0.185,-0.238
1942,4,0.048,0.259,0.025,-0.182,-0.236
1942,5,0.085,0.253,0.01,-0.182,-0.233
1942,6,0.063,0.241,0.003,-0.181,-0.231
1942,7,0.122,0.208,-0.008,-0.181,-0.23
1942,8,-0.164,0.185,-0.016,-0.18,-0.229
1942,9,-0.048,0.1,-0.023,-0.182,-0.231
1942,10,0.278,0.077,-0.039,-0.179,-0.23
1942,11,0.33,0.0,-0.046,-0.183,-0.232
1942,12,0.593,-0.069,-0.048,-0.182,-0.234
1943,1,0.16,-0.114,-0.053,-0.176,-0.234
1943,2,0.026,-0.116,-0.061,-0.165,-0.231
1943,3,-0.29,-0.112,-0.07,-0.157,-0.23
1943,4,-0.235,-0.141,-0.079,-0.146,-0.227
1943,5,-0.831,-0.166,-0.09,-0.136,-0.225
1943,6,-0.773,-0.204,-0.093,-0.126,-0.222
1943,7,-0.418,-0.212,-0.09,-0.12,-0.221
1943,8,-0.189,-0.241,-0.111,-0.116,-0.219
1943,9,0.008,-0.223,-0.121,-0.113,-0.215
1943,10,-0.076,-0.195,-0.133,-0.111,-0.214
1943,11,0.035,-0.184,-0.146,-0.104,-0.213
1943,12,0.138,-0.142,-0.153,-0.102,-0.21
1944,1,0.055,-0.113,-0.155,-0.103,-0.209
1944,2,-0.322,-0.11,-0.161,-0.1,-0.207
1944,3,-0.063,-0.142,-0.169,-0.093,-0.203
1944,4,0.101,-0.138,-0.173,-0.084,-0.202
1944,5,-0.7,-0.194,-0.183,-0.078,-0.199
1944,6,-0.275,-0.232,-0.195,-0.074,-0.197
1944,7,-0.063,-0.291,-0.2,-0.075,-0.194
1944,8,-0.152,-0.29,-0.2,-0.074,-0.192
1944,9,-0.382,-0.343,-0.204,-0.077,-0.193
1944,10,-0.032,-0.426,-0.206,-0.08,-0.196
1944,11,-0.632,-0.431,-0.212,-0.085,-0.196
1944,12,-0.313,-0.434,-0.215,-0.091,-0.197
1945,1,-0.663,-0.446,-0.216,-0.099,-0.195
1945,2,-0.299,-0.455,-0.214,-0.108,-0.193
1945,3,-0.699,-0.457,-0.215,-0.113,-0.192
1945,4,-0.903,-0.491,-0.214,-0.124,-0.192
1945,5,-0.757,-0.485,-0.218,-0.129,-0.188
1945,6,-0.31,-0.46,-0.226,-0.131,-0.186
1945,7,-0.215,-0.396,-0.223,-0.135,-0.185
1945,8,-0.251,-0.426,-0.222,-0.138,-0.182
1945,9,-0.416,-0.39,-0.221,-0.141,-0.18
1945,10,-0.434,-0.357,-0.225,-0.144,-0.177
1945,11,-0.56,-0.341,-0.204,-0.147,-0.174
1945,12,-0.019,-0.349,-0.184,-0.15,-0.173
1946,1,0.106,-0.357,-0.174,-0.155,-0.175
1946,2,-0.66,-0.365,-0.168,-0.17,-0.175
1946,3,-0.256,-0.37,-0.166,-0.185,-0.173
1946,4,-0.509,-0.352,-0.164,-0.186,-0.173
1946,5,-0.563,-0.324,-0.158,-0.184,-0.173
1946,6,-0.417,-0.318,-0.158,-0.184,-0.176
1946,7,-0.304,-0.31,-0.168,-0.183,-0.176
1946,8,-0.354,-0.228,-0.172,-0.18,-0.175
1946,9,-0.475,-0.163,-0.179,-0.179,-0.174
1946,10,-0.211,-0.129,-0.182,-0.177,-0.174
1946,11,-0.222,-0.103,-0.174,-0.177,-0.173
1946,12,0.042,-0.08,-0.176,-0.181,-0.172
1947,1,0.212,-0.048,-0.184,-0.188,-0.169
1947,2,0.314,-0.024,-0.183,-0.191,-0.165
1947,3,0.523,0.005,-0.181,-0.196,-0.164
1947,4,-0.096,0.052,-0.186,-0.193,-0.163
1947,5,-0.253,0.081,-0.18,-0.19,-0.161
1947,6,-0.135,0.084,-0.185,-0.187,-0.161
1947,7,0.082,0.095,-0.191,-0.19,-0.16
1947,8,-0.072,0.075,-0.2,-0.187,-0.158
1947,9,-0.12,0.011,-0.203,-0.188,-0.158
1947,10,0.345,-0.02,-0.208,-0.187,-0.157
1947,11,0.128,0.037,-0.211,-0.19,-0.159
1947,12,0.081,0.085,-0.214,-0.2,-0.158
1948,1,0.344,0.093,-0.216,-0.202,-0.156
1948,2,0.07,0.112,-0.216,-0.202,-0.151
1948,3,-0.245,0.132,-0.212,-0.201,-0.142
1948,4,-0.471,0.108,-0.209,-0.197,-0.13
1948,5,0.434,0.134,-0.204,-0.19,-0.124
1948,6,0.438,0.138,-0.208,-0.183,-0.119
1948,7,0.188,0.06,-0.219,-0.179,-0.117
1948,8,0.149,0.008,-0.23,-0.176,-0.114
1948,9,0.123,-0.008,-0.249,-0.175,-0.111
1948,10,0.053,0.02,-0.238,-0.174,-0.109
1948,11,0.445,-0.034,-0.223,-0.171,-0.107
1948,12,0.128,-0.1,-0.215,-0.169,-0.105
1949,1,-0.591,-0.162,-0.211,-0.171,-0.101
1949,2,-0.55,-0.184,-0.199,-0.169,-0.097
1949,3,-0.444,-0.215,-0.189,-0.169,-0.089
1949,4,-0.134,-0.246,-0.182,-0.173,-0.082
1949,5,-0.218,-0.306,-0.171,-0.166,-0.081
1949,6,-0.356,-0.367,-0.167,-0.165,-0.077
1949,7,-0.553,-0.402,-0.176,-0.165,-0.075
1949,8,-0.117,-0.429,-0.181,-0.163,-0.074
1949,9,-0.247,-0.467,-0.188,-0.163,-0.072
1949,10,-0.312,-0.555,-0.181,-0.169,-0.072
1949,11,-0.279,-0.615,-0.168,-0.166,-0.073
1949,12,-0.603,-0.623,-0.159,-0.166,-0.07
1950,1,-1.014,-0.608,-0.164,-0.164,-0.067
1950,2,-0.865,-0.617,-0.16,-0.163,-0.064
1950,3,-0.902,-0.611,-0.16,-0.165,-0.061
1950,4,-1.192,-0.607,-0.16,-0.164,-0.059
1950,5,-0.943,-0.606,-0.162,-0.157,-0.055
1950,6,-0.45,-0.576,-0.173,-0.156,-0.053
1950,7,-0.367,-0.541,-0.18,-0.155,-0.053
1950,8,-0.225,-0.575,-0.182,-0.151,-0.054
1950,9,-0.175,-0.619,-0.18,-0.148,-0.054
1950,10,-0.266,-0.508,-0.169,-0.144,-0.054
1950,11,-0.271,-0.397,-0.176,-0.138,-0.052
1950,12,-0.239,-0.357,-0.183,-0.138,-0.053
1951,1,-0.593,-0.328,-0.183,-0.142,-0.05
1951,2,-1.276,-0.279,-0.184,-0.14,-0.051
1951,3,-1.435,-0.255,-0.183,-0.138,-0.052
1951,4,0.143,-0.215,-0.184,-0.134,-0.051
1951,5,0.389,-0.156,-0.185,-0.132,-0.051
1951,6,0.027,-0.114,-0.181,-0.134,-0.052
1951,7,-0.02,-0.09,-0.173,-0.135,-0.052
1951,8,0.364,0.014,-0.167,-0.134,-0.052
1951,9,0.122,0.142,-0.159,-0.132,-0.053
1951,10,0.208,0.16,-0.164,-0.132,-0.053
1951,11,0.442,0.169,-0.158,-0.133,-0.058
1951,12,0.262,0.202,-0.155,-0.135,-0.061
1952,1,-0.31,0.183,-0.145,-0.136,-0.063
1952,2,-0.022,0.17,-0.142,-0.138,-0.066
1952,3,0.096,0.149,-0.145,-0.143,-0.07
1952,4,0.355,0.16,-0.153,-0.143,-0.07
1952,5,0.5,0.122,-0.153,-0.141,-0.072
1952,6,0.421,0.053,-0.148,-0.14,-0.073
1952,7,-0.247,0.071,-0.137,-0.138,-0.072
1952,8,0.207,0.073,-0.127,-0.136,-0.072
1952,9,-0.124,0.054,-0.126,-0.133,-0.071
1952,10,0.334,0.038,-0.119,-0.135,-0.072
1952,11,-0.008,0.0,-0.103,-0.135,-0.073
1952,12,-0.561,-0.034,-0.098,-0.134,-0.073
1953,1,-0.098,-0.0,-0.094,-0.135,-0.072
1953,2,-0.001,-0.01,-0.087,-0.136,-0.07
1953,3,-0.136,0.016,-0.084,-0.127,-0.068
1953,4,0.169,-0.011,-0.078,-0.114,-0.066
1953,5,0.047,0.018,-0.072,-0.113,-0.064
1953,6,0.011,0.097,-0.068,-0.113,-0.061
1953,7,0.157,0.094,-0.066,-0.114,-0.059
1953,8,0.09,0.083,-0.051,-0.112,-0.057
1953,9,0.187,0.096,-0.027,-0.109,-0.056
1953,10,0.011,0.046,-0.03,-0.108,-0.053
1953,11,0.346,0.055,-0.042,-0.11,-0.052
1953,12,0.381,0.039,-0.053,-0.108,-0.048
1954,1,-0.128,0.026,-0.059,-0.1,-0.046
1954,2,-0.137,0.025,-0.07,-0.094,-0.042
1954,3,0.016,-0.026,-0.075,-0.085,-0.039
1954,4,-0.431,-0.09,-0.083,-0.08,-0.039
1954,5,0.155,-0.144,-0.095,-0.084,-0.034
1954,6,-0.175,-0.199,-0.103,-0.081,-0.033
1954,7,0.001,-0.219,-0.097,-0.075,-0.033
1954,8,0.08,-0.228,-0.095,-0.074,-0.032
1954,9,-0.435,-0.303,-0.099,-0.068,-0.03
1954,10,-0.748,-0.329,-0.105,-0.064,-0.03
1954,11,-0.303,-0.343,-0.114,-0.061,-0.028
1954,12,-0.283,-0.342,-0.121,-0.049,-0.03
1955,1,-0.363,-0.352,-0.113,-0.035,-0.031
1955,2,-0.254,-0.342,-0.112,-0.021,-0.031
1955,3,-0.878,-0.304,-0.106,-0.008,-0.027
1955,4,-0.747,-0.235,-0.111,0.006,-0.025
1955,5,-0.013,-0.2,-0.108,0.018,-0.025
1955,6,-0.157,-0.175,-0.095,0.025,-0.026
1955,7,-0.123,-0.184,-0.09,0.029,-0.027
1955,8,0.201,-0.198,-0.091,0.031,-0.027
1955,9,0.012,-0.124,-0.074,0.032,-0.026
1955,10,0.089,-0.065,-0.058,0.036,-0.024
1955,11,0.118,-0.091,-0.05,0.044,-0.021
1955,12,0.01,-0.131,-0.043,0.045,-0.021
1956,1,-0.473,-0.152,-0.045,0.054,-0.02
1956,2,-0.412,-0.191,-0.039,0.068,-0.017
1956,3,0.0,-0.21,-0.035,0.081,-0.014
1956,4,-0.029,-0.238,-0.032,0.083,-0.012
1956,5,-0.328,-0.274,-0.035,0.081,-0.01
1956,6,-0.637,-0.292,-0.034,0.08,-0.009
1956,7,-0.372,-0.246,-0.026,0.078,-0.007
1956,8,-0.274,-0.203,-0.022,0.075,-0.005
1956,9,-0.207,-0.215,-0.011,0.073,-0.003
1956,10,-0.251,-0.217,0.004,0.07,-0.003
1956,11,-0.319,-0.192,-0.011,0.061,-0.005
1956,12,-0.201,-0.137,-0.007,0.058,-0.006
1957,1,0.082,-0.085,-0.005,0.062,-0.007
1957,2,0.099,-0.044,-0.006,0.059,-0.008
1957,3,-0.147,-0.006,0.01,0.057,-0.014
1957,4,-0.052,0.02,0.024,0.053,-0.018
1957,5,-0.018,0.057,0.032,0.047,-0.019
1957,6,0.018,0.094,0.05,0.042,-0.019
1957,7,0.25,0.103,0.067,0.046,-0.02
1957,8,0.22,0.093,0.086,0.043,-0.021
1957,9,0.253,0.179,0.11,0.045,-0.022
1957,10,0.053,0.274,0.131,0.043,-0.023
1957,11,0.129,0.322,0.14,0.044,-0.023
1957,12,0.244,0.354,0.148,0.054,-0.025
1958,1,0.186,0.339,0.152,0.057,-0.028
1958,2,-0.024,0.354,0.15,0.061,-0.03
1958,3,0.893,0.372,0.148,0.065,-0.033
1958,4,1.08,0.383,0.151,0.064,-0.036
1958,5,0.563,0.385,0.159,0.061,-0.038
1958,6,0.399,0.4,0.157,0.062,-0.041
1958,7,0.071,0.417,0.174,0.061,-0.043
1958,8,0.405,0.429,0.187,0.062,-0.044
1958,9,0.468,0.409,0.189,0.063,-0.044
1958,10,0.186,0.358,0.196,0.068,-0.043
1958,11,0.153,0.25,0.204,0.068,-0.044
1958,12,0.419,0.221,0.212,0.073,-0.044
1959,1,0.392,0.227,0.216,0.078,-0.042
1959,2,0.116,0.193,0.221,0.086,-0.041
1959,3,0.655,0.196,0.222,0.091,-0.037
1959,4,0.463,0.189,0.223,0.096,-0.032
1959,5,-0.732,0.189,0.217,0.098,-0.027
1959,6,0.058,0.222,0.219,0.1,-0.022
1959,7,0.138,0.245,0.221,0.099,-0.018
1959,8,-0.006,0.307,0.212,0.098,-0.017
1959,9,0.511,0.303,0.212,0.103,-0.015
1959,10,0.104,0.304,0.212,0.108,-0.012
1959,11,0.154,0.409,0.207,0.11,-0.011
1959,12,0.812,0.434,0.204,0.105,-0.009
1960,1,0.665,0.432,0.204,0.101,-0.002
1960,2,0.863,0.436,0.199,0.101,0.003
1960,3,0.613,0.385,0.195,0.111,0.008
1960,4,0.471,0.4,0.197,0.113,0.015
1960,5,0.52,0.438,0.196,0.107,0.018
1960,6,0.366,0.362,0.202,0.103,0.02
1960,7,0.114,0.35,0.204,0.102,0.021
1960,8,0.039,0.309,0.213,0.097,0.022
1960,9,-0.101,0.268,0.203,0.097,0.022
1960,10,0.288,0.261,0.187,0.096,0.022
1960,11,0.606,0.233,0.172,0.095,0.021
1960,12,-0.095,0.189,0.166,0.095,0.021
1961,1,0.512,0.166,0.168,0.102,0.024
1961,2,0.373,0.164,0.164,0.107,0.029
1961,3,0.124,0.162,0.161,0.11,0.034
1961,4,0.381,0.123,0.169,0.111,0.032
1961,5,0.193,0.015,0.172,0.112,0.029
1961,6,-0.166,0.016,0.181,0.116,0.028
1961,7,-0.169,-0.011,0.182,0.121,0.026
1961,8,0.02,-0.077,0.194,0.125,0.023
1961,9,-0.128,-0.101,0.194,0.126,0.022
1961,10,-0.18,-0.137,0.187,0.126,0.019
1961,11,-0.689,-0.177,0.206,0.124,0.015
1961,12,-0.083,-0.179,0.206,0.123,0.011
1962,1,0.186,-0.144,0.203,0.123,0.011
1962,2,-0.419,-0.152,0.202,0.121,0.01
1962,3,-0.158,-0.138,0.196,0.116,0.009
1962,4,-0.047,-0.112,0.193,0.108,0.007
1962,5,-0.285,-0.045,0.188,0.103,0.005
1962,6,-0.199,0.012,0.161,0.102,0.003
1962,7,0.253,0.019,0.136,0.098,0.004
1962,8,-0.072,0.099,0.116,0.093,0.002
1962,9,0.034,0.136,0.112,0.09,0.002
1962,10,0.135,0.149,0.094,0.089,0.0
1962,11,0.113,0.143,0.075,0.09,0.0
1962,12,0.603,0.166,0.058,0.085,0.003
1963,1,0.267,0.158,0.052,0.079,0.007
1963,2,0.543,0.18,0.044,0.076,0.007
1963,3,0.29,0.202,0.046,0.061,0.009
1963,4,0.101,0.242,0.042,0.042,0.009
1963,5,-0.352,0.261,0.032,0.037,0.011
1963,6,0.078,0.293,0.033,0.032,0.011
1963,7,0.151,0.308,0.03,0.028,0.011
1963,8,0.192,0.331,0.028,0.024,0.011
1963,9,0.298,0.362,0.03,0.021,0.01
1963,10,0.623,0.36,0.026,0.021,0.009
1963,11,0.336,0.423,0.019,0.022,0.006
1963,12,0.982,0.422,0.02,0.02,0.001
1964,1,0.452,0.406,0.026,0.015,0.0
1964,2,0.814,0.384,0.029,0.011,0.0
1964,3,0.668,0.37,0.03,0.011,-0.001
1964,4,0.078,0.311,0.03,0.017,-0.001
1964,5,0.398,0.271,0.031,0.03,-0.004
1964,6,0.066,0.123,0.028,0.037,-0.004
1964,7,-0.039,0.014,0.025,0.039,-0.004
1964,8,-0.066,-0.079,0.031,0.04,-0.006
1964,9,0.127,-0.107,0.019,0.037,-0.006
1964,10,-0.078,-0.161,0.004,0.039,-0.005
1964,11,-0.145,-0.248,-0.001,0.038,-0.005
1964,12,-0.804,-0.307,0.0,0.031,-0.005
1965,1,-0.845,-0.326,-0.008,0.031,-0.005
1965,2,-0.312,-0.356,-0.013,0.027,-0.005
1965,3,0.337,-0.366,-0.016,0.024,-0.002
1965,4,-0.57,-0.356,-0.018,0.024,0.0
1965,5,-0.643,-0.344,-0.017,0.018,-0.001
1965,6,-0.647,-0.28,-0.033,0.014,0.0
1965,7,-0.262,-0.18,-0.045,0.013,0.0
1965,8,-0.424,-0.133,-0.062,0.013,-0.001
1965,9,0.007,-0.14,-0.08,0.012,-0.003
1965,10,0.033,-0.082,-0.103,0.007,-0.005
1965,11,0.001,-0.048,-0.097,-0.001,-0.007
1965,12,-0.031,-0.003,-0.103,-0.003,-0.011
1966,1,0.348,0.038,-0.111,-0.007,-0.012
1966,2,0.258,0.088,-0.116,-0.011,-0.014
1966,3,0.255,0.082,-0.119,-0.012,-0.017
1966,4,0.12,0.062,-0.127,-0.018,-0.02
1966,5,-0.237,0.01,-0.127,-0.024,-0.02
1966,6,-0.104,-0.009,-0.141,-0.024,-0.02
1966,7,0.226,-0.034,-0.151,-0.026,-0.02
1966,8,0.176,-0.062,-0.171,-0.03,-0.019
1966,9,-0.065,-0.155,-0.172,-0.029,-0.019
1966,10,-0.202,-0.244,-0.154,-0.032,-0.018
1966,11,-0.624,-0.272,-0.145,-0.032,-0.015
1966,12,-0.257,-0.277,-0.132,-0.036,-0.014
1967,1,0.048,-0.317,-0.125,-0.04,-0.014
1967,2,-0.084,-0.36,-0.122,-0.038,-0.012
1967,3,-0.861,-0.366,-0.122,-0.039,-0.01
1967,4,-0.951,-0.352,-0.114,-0.039,-0.01
1967,5,-0.571,-0.284,-0.112,-0.038,-0.01
1967,6,-0.158,-0.291,-0.098,-0.035,-0.01
1967,7,-0.259,-0.333,-0.073,-0.037,-0.011
1967,8,-0.331,-0.366,-0.062,-0.039,-0.013
1967,9,-0.141,-0.361,-0.063,-0.041,-0.015
1967,10,-0.036,-0.39,-0.047,-0.043,-0.015
1967,11,0.189,-0.341,-0.039,-0.043,-0.015
1967,12,-0.343,-0.348,-0.029,-0.047,-0.014
1968,1,-0.449,-0.355,-0.026,-0.044,-0.014
1968,2,-0.48,-0.335,-0.019,-0.047,-0.012
1968,3,-0.806,-0.314,-0.022,-0.046,-0.014
1968,4,-1.293,-0.299,-0.027,-0.045,-0.017
1968,5,0.015,-0.287,-0.034,-0.038,-0.018
1968,6,-0.239,-0.248,-0.038,-0.039,-0.019
1968,7,-0.344,-0.224,-0.044,-0.039,-0.02
1968,8,-0.099,-0.216,-0.049,-0.041,-0.022
1968,9,0.122,-0.096,-0.054,-0.044,-0.023
1968,10,0.143,0.108,-0.062,-0.05,-0.025
1968,11,0.329,0.182,-0.066,-0.056,-0.025
1968,12,0.126,0.273,-0.068,-0.071,-0.026
1969,1,-0.167,0.336,-0.079,-0.077,-0.027
1969,2,-0.38,0.351,-0.088,-0.085,-0.026
1969,3,0.638,0.355,-0.088,-0.093,-0.03
1969,4,1.157,0.374,-0.094,-0.098,-0.033
1969,5,0.896,0.344,-0.094,-0.106,-0.031
1969,6,0.86,0.337,-0.1,-0.108,-0.03
1969,7,0.407,0.406,-0.106,-0.108,-0.03
1969,8,0.076,0.468,-0.108,-0.11,-0.029
1969,9,0.174,0.435,-0.098,-0.115,-0.032
1969,10,0.37,0.375,-0.081,-0.118,-0.03
1969,11,-0.026,0.286,-0.074,-0.121,-0.03
1969,12,0.037,0.208,-0.07,-0.116,-0.032
1970,1,0.665,0.169,-0.066,-0.112,-0.034
1970,2,0.363,0.163,-0.064,-0.112,-0.036
1970,3,0.242,0.134,-0.066,-0.115,-0.037
1970,4,0.434,0.077,-0.067,-0.112,-0.037
1970,5,-0.175,0.047,-0.069,-0.108,-0.035
1970,6,-0.067,0.021,-0.061,-0.103,-0.033
1970,7,-0.07,-0.034,-0.043,-0.102,-0.031
1970,8,0.01,-0.069,-0.032,-0.099,-0.029
1970,9,-0.175,-0.095,-0.012,-0.102,-0.026
1970,10,-0.308,-0.159,0.013,-0.106,-0.025
1970,11,-0.387,-0.184,0.021,-0.109,-0.025
1970,12,-0.278,-0.198,0.025,-0.116,-0.022
1971,1,0.008,-0.226,0.034,-0.126,-0.021
1971,2,-0.067,-0.26,0.033,-0.135,-0.02
1971,3,-0.06,-0.251,0.031,-0.144,-0.017
1971,4,-0.345,-0.27,0.027,-0.15,-0.017
1971,5,-0.469,-0.289,0.015,-0.151,-0.016
1971,6,-0.241,-0.317,-0.0,-0.156,-0.015
1971,7,-0.395,-0.346,-0.003,-0.161,-0.012
1971,8,-0.4,-0.355,0.001,-0.163,-0.01
1971,9,-0.07,-0.372,-0.015,-0.163,-0.008
1971,10,-0.542,-0.341,-0.043,-0.162,-0.006
1971,11,-0.613,-0.315,-0.066,-0.154,-0.0
1971,12,-0.611,-0.287,-0.084,-0.152,0.002
1972,1,-0.335,-0.255,-0.091,-0.15,0.004
1972,2,-0.18,-0.241,-0.097,-0.145,0.007
1972,3,-0.269,-0.252,-0.108,-0.136,0.009
1972,4,0.03,-0.218,-0.121,-0.129,0.01
1972,5,-0.154,-0.162,-0.129,-0.123,0.01
1972,6,0.096,-0.098,-0.134,-0.121,0.012
1972,7,-0.014,-0.015,-0.152,-0.12,0.011
1972,8,-0.227,0.012,-0.162,-0.119,0.012
1972,9,-0.211,0.067,-0.168,-0.12,0.013
1972,10,-0.132,0.082,-0.177,-0.119,0.013
1972,11,0.061,0.134,-0.178,-0.119,0.011
1972,12,0.163,0.128,-0.177,-0.113,0.007
1973,1,0.651,0.144,-0.177,-0.107,0.008
1973,2,0.143,0.154,-0.179,-0.1,0.008
1973,3,0.402,0.17,-0.183,-0.089,0.013
1973,4,0.2,0.172,-0.184,-0.076,0.014
1973,5,0.477,0.135,-0.183,-0.074,0.018
1973,6,0.027,0.055,-0.194,-0.071,0.021
1973,7,0.179,-0.026,-0.209,-0.068,0.022
1973,8,-0.114,-0.05,-0.22,-0.068,0.022
1973,9,-0.011,-0.111,-0.233,-0.068,0.023
1973,10,-0.112,-0.171,-0.238,-0.07,0.021
1973,11,-0.384,-0.25,-0.237,-0.073,0.02
1973,12,-0.797,-0.271,-0.244,-0.071,0.018
1974,1,-0.325,-0.289,-0.242,-0.07,0.018
1974,2,-0.142,-0.302,-0.238,-0.064,0.015
1974,3,-0.333,-0.34,-0.238,-0.072,0.014
1974,4,-0.522,-0.366,-0.231,-0.082,0.017
1974,5,-0.47,-0.376,-0.215,-0.092,0.015
1974,6,-0.221,-0.331,-0.204,-0.097,0.014
1974,7,-0.033,-0.337,-0.195,-0.098,0.014
1974,8,-0.273,-0.347,-0.183,-0.097,0.015
1974,9,-0.463,-0.327,-0.174,-0.1,0.013
1974,10,-0.427,-0.292,-0.176,-0.1,0.011
1974,11,-0.507,-0.274,-0.172,-0.098,0.009
1974,12,-0.253,-0.255,-0.172,-0.096,0.011
1975,1,-0.401,-0.262,-0.174,-0.099,0.013
1975,2,-0.258,-0.249,-0.173,-0.098,0.015
1975,3,-0.093,-0.241,-0.174,-0.098,0.013
1975,4,-0.106,-0.24,-0.171,-0.097,0.014
1975,5,-0.257,-0.223,-0.169,-0.089,0.016
1975,6,0.014,-0.281,-0.165,-0.081,0.02
1975,7,-0.125,-0.319,-0.171,-0.076,0.023
1975,8,-0.109,-0.36,-0.167,-0.071,0.027
1975,9,-0.365,-0.423,-0.166,-0.065,0.027
1975,10,-0.415,-0.464,-0.165,-0.057,0.024
1975,11,-0.311,-0.479,-0.168,-0.049,0.023
1975,12,-0.942,-0.536,-0.166,-0.042,0.023
1976,1,-0.865,-0.55,-0.169,-0.035,0.021
1976,2,-0.748,-0.554,-0.169,-0.029,0.019
1976,3,-0.85,-0.529,-0.167,-0.021,0.019
1976,4,-0.6,-0.502,-0.168,-0.016,0.02
1976,5,-0.428,-0.447,-0.161,-0.008,0.019
1976,6,-0.679,-0.368,-0.143,-0.005,0.019
1976,7,-0.293,-0.275,-0.136,0.003,0.019
1976,8,-0.148,-0.169,-0.129,0.01,0.02
1976,9,-0.068,-0.074,-0.129,0.014,0.021
1976,10,-0.091,-0.034,-0.122,0.02,0.022
1976,11,0.351,0.009,-0.118,0.031,0.025
1976,12,0.004,0.072,-0.111,0.041,0.027
1977,1,0.254,0.089,-0.106,0.048,0.029
1977,2,0.514,0.084,-0.097,0.053,0.031
1977,3,0.298,0.071,-0.093,0.056,0.035
1977,4,-0.119,0.082,-0.08,0.059,0.044
1977,5,0.081,0.066,-0.066,0.057,0.049
1977,6,0.074,0.101,-0.059,0.059,0.051
1977,7,-0.088,0.101,-0.046,0.06,0.055
1977,8,-0.204,0.089,-0.035,0.063,0.06
1977,9,-0.227,0.104,-0.028,0.066,0.064
1977,10,0.049,0.136,-0.018,0.068,0.067
1977,11,0.153,0.156,-0.0,0.065,0.07
1977,12,0.431,0.16,0.014,0.06,0.076
1978,1,0.252,0.169,0.026,0.059,0.079
1978,2,0.373,0.178,0.037,0.063,0.083
1978,3,0.479,0.204,0.053,0.072,0.087
1978,4,0.257,0.186,0.071,0.074,0.094
1978,5,0.317,0.173,0.085,0.074,0.097
1978,6,0.13,0.165,0.11,0.08,0.102
1978,7,0.023,0.147,0.138,0.083,0.106
1978,8,-0.104,0.141,0.161,0.086,0.107
1978,9,0.092,0.076,0.191,0.089,0.106
1978,10,-0.165,0.045,0.205,0.091,0.106
1978,11,-0.01,-0.001,0.221,0.095,0.105
1978,12,0.331,0.005,0.234,0.106,0.104
1979,1,0.046,0.027,0.248,0.112,0.105
1979,2,0.295,0.054,0.258,0.116,0.106
1979,3,-0.296,0.029,0.266,0.122,0.101
1979,4,-0.116,0.075,0.271,0.132,0.096
1979,5,-0.233,0.099,0.277,0.136,0.091
1979,6,0.195,0.089,0.285,0.137,0.086
1979,7,0.285,0.113,0.291,0.136,0.085
1979,8,0.223,0.125,0.288,0.139,0.085
1979,9,-0.212,0.176,0.287,0.14,0.084
1979,10,0.392,0.226,0.293,0.14,0.083
1979,11,0.277,0.314,0.287,0.139,0.084
1979,12,0.208,0.368,0.29,0.138,0.085
1980,1,0.337,0.394,0.293,0.139,0.085
1980,2,0.443,0.421,0.299,0.142,0.083
1980,3,0.314,0.489,0.306,0.141,0.081
1980,4,0.489,0.512,0.306,0.139,0.079
1980,5,0.813,0.536,0.3,0.141,0.082
1980,6,0.85,0.562,0.285,0.143,0.084
1980,7,0.599,0.603,0.29,0.148,0.085
1980,8,0.547,0.62,0.293,0.152,0.088
1980,9,0.593,0.673,0.309,0.155,0.091
1980,10,0.67,0.651,0.313,0.153,0.092
1980,11,0.568,0.626,0.317,0.154,0.096
1980,12,0.522,0.567,0.326,0.161,0.097
1981,1,0.825,0.559,0.335,0.169,0.098
1981,2,0.655,0.551,0.34,0.173,0.1
1981,3,0.944,0.537,0.345,0.181,0.102
1981,4,0.222,0.5,0.35,0.189,0.104
1981,5,0.516,0.509,0.351,0.19,0.106
1981,6,0.147,0.511,0.355,0.195,0.109
1981,7,0.496,0.489,0.361,0.199,0.112
1981,8,0.46,0.465,0.361,0.203,0.116
1981,9,0.418,0.403,0.372,0.206,0.117
1981,10,0.227,0.408,0.387,0.207,0.119
1981,11,0.68,0.339,0.39,0.205,0.122
1981,12,0.538,0.351,0.385,0.207,0.122
1982,1,0.565,0.317,0.377,0.207,0.124
1982,2,0.371,0.292,0.375,0.206,0.127
1982,3,0.192,0.271,0.373,0.206,0.13
1982,4,0.286,0.259,0.36,0.217,0.132
1982,5,-0.308,0.181,0.345,0.222,0.131
1982,6,0.289,0.097,0.335,0.223,0.132
1982,7,0.086,0.097,0.325,0.23,0.133
1982,8,0.166,0.114,0.319,0.24,0.134
1982,9,0.162,0.219,0.31,0.248,0.135
1982,10,0.081,0.236,0.297,0.254,0.137
1982,11,-0.259,0.305,0.282,0.258,0.137
1982,12,-0.472,0.339,0.272,0.264,0.137
1983,1,0.564,0.38,0.27,0.265,0.135
1983,2,0.575,0.378,0.268,0.265,0.135
1983,3,1.456,0.398,0.258,0.262,0.133
1983,4,0.488,0.404,0.235,0.265,0.134
1983,5,0.528,0.431,0.222,0.268,0.133
1983,6,0.696,0.518,0.213,0.275,0.135
1983,7,0.579,0.506,0.2,0.279,0.135
1983,8,0.142,0.478,0.185,0.281,0.137
1983,9,0.398,0.391,0.171,0.281,0.137
1983,10,0.158,0.412,0.173,0.283,0.14
1983,11,0.06,0.366,0.159,0.284,0.143
1983,12,0.568,0.298,0.156,0.279,0.149
1984,1,0.422,0.237,0.151,0.279,0.153
1984,2,0.246,0.231,0.147,0.276,0.156
1984,3,0.405,0.169,0.145,0.274,0.159
1984,4,0.745,0.123,0.143,0.274,0.163
1984,5,-0.019,0.069,0.133,0.274,0.167
1984,6,-0.128,-0.01,0.128,0.27,0.17
1984,7,-0.155,-0.071,0.124,0.269,0.171
1984,8,0.079,-0.08,0.125,0.268,0.174
1984,9,-0.345,-0.135,0.125,0.269,0.177
1984,10,-0.401,-0.224,0.141,0.265,0.179
1984,11,-0.592,-0.226,0.157,0.266,0.184
1984,12,-0.38,-0.195,0.156,0.267,0.188
1985,1,-0.308,-0.142,0.166,0.268,0.191
1985,2,0.137,-0.113,0.18,0.264,0.195
1985,3,-0.25,-0.084,0.191,0.259,0.194
1985,4,-0.321,-0.11,0.201,0.255,0.197
1985,5,-0.053,-0.08,0.217,0.252,0.201
1985,6,0.253,-0.049,0.243,0.248,0.203
1985,7,0.478,-0.018,0.241,0.246,0.207
1985,8,0.42,-0.052,0.238,0.246,0.211
1985,9,0.005,-0.021,0.215,0.246,0.215
1985,10,-0.706,0.032,0.216,0.242,0.218
1985,11,-0.241,0.009,0.22,0.241,0.222
1985,12,-0.007,-0.016,0.223,0.236,0.23
1986,1,0.07,-0.039,0.223,0.232,0.236
1986,2,-0.276,-0.051,0.223,0.23,0.242
1986,3,0.128,-0.028,0.217,0.225,0.247
1986,4,0.313,0.039,0.215,0.225,0.25
1986,5,-0.328,0.063,0.217,0.221,0.252
1986,6,-0.045,0.085,0.203,0.223,0.255
1986,7,0.202,0.108,0.197,0.222,0.257
1986,8,0.269,0.164,0.191,0.221,0.259
1986,9,0.29,0.17,0.177,0.22,0.26
1986,10,0.095,0.25,0.161,0.219,0.262
1986,11,0.047,0.328,0.157,0.214,0.262
1986,12,0.26,0.354,0.155,0.204,0.26
1987,1,0.337,0.394,0.16,0.2,0.26
1987,2,0.398,0.454,0.161,0.201,0.259
1987,3,0.204,0.497,0.166,0.203,0.257
1987,4,1.271,0.549,0.171,0.205,0.258
1987,5,0.611,0.603,0.186,0.206,0.26
1987,6,0.264,0.672,0.198,0.205,0.265
1987,7,0.675,0.678,0.212,0.207,0.27
1987,8,0.994,0.679,0.209,0.205,0.275
1987,9,0.812,0.671,0.208,0.204,0.28
1987,10,0.712,0.611,0.214,0.205,0.283
1987,11,0.693,0.624,0.222,0.209,0.287
1987,12,1.097,0.674,0.225,0.214,0.293
1988,1,0.41,0.668,0.222,0.211,0.298
1988,2,0.408,0.594,0.225,0.206,0.302
1988,3,0.103,0.528,0.234,0.195,0.304
1988,4,0.554,0.475,0.248,0.195,0.306
1988,5,0.762,0.429,0.261,0.192,0.308
1988,6,0.865,0.318,0.259,0.19,0.313
1988,7,0.602,0.286,0.264,0.186,0.317
1988,8,0.112,0.244,0.275,0.188,0.323
1988,9,0.017,0.198,0.279,0.186,0.327
1988,10,0.079,0.134,0.276,0.188,0.331
1988,11,0.138,0.052,0.283,0.192,0.335
1988,12,-0.231,-0.042,0.291,0.192,0.339
1989,1,0.022,-0.08,0.293,0.194,0.343
1989,2,-0.094,-0.076,0.295,0.196,0.34
1989,3,-0.451,-0.084,0.295,0.197,0.342
1989,4,-0.211,-0.099,0.294,0.193,0.344
1989,5,-0.229,-0.084,0.294,0.199,0.349
1989,6,-0.253,-0.037,0.281,0.204,0.351
1989,7,0.136,0.006,0.277,0.207,0.352
1989,8,0.161,0.008,0.278,0.209,0.355
1989,9,-0.076,0.02,0.281,0.213,0.359
1989,10,-0.095,0.042,0.269,0.218,0.36
1989,11,0.315,0.098,0.255,0.228,0.362
1989,12,0.331,0.153,0.254,0.237,0.361
1990,1,0.536,0.167,0.248,0.243,0.359
1990,2,-0.07,0.204,0.231,0.248,0.357
1990,3,-0.304,0.257,0.217,0.247,0.352
1990,4,0.05,0.277,0.21,0.254,0.35
1990,5,0.447,0.293,0.2,0.261,0.347
1990,6,0.408,0.256,0.185,0.264,0.345
1990,7,0.302,0.241,0.182,0.267,0.345
1990,8,0.604,0.282,0.175,0.269,0.345
1990,9,0.556,0.336,0.175,0.274,0.345
1990,10,0.148,0.344,0.173,0.283,0.344
1990,11,0.505,0.314,0.164,0.291,0.344
1990,12,-0.114,0.316,0.156,0.299,0.347
1991,1,0.359,0.317,0.148,0.304,0.346
1991,2,0.421,0.3,0.153,0.31,0.346
1991,3,0.351,0.276,0.155,0.313,0.344
1991,4,0.142,0.268,0.161,0.311,0.344
1991,5,0.091,0.232,0.167,0.314,0.345
1991,6,0.429,0.194,0.181,0.315,0.347
1991,7,0.315,0.173,0.191,0.315,0.349
1991,8,0.395,0.179,0.201,0.315,0.351
1991,9,0.275,0.18,0.217,0.315,0.352
1991,10,0.045,0.211,0.226,0.318,0.355
1991,11,0.07,0.186,0.24,0.319,0.355
1991,12,-0.564,0.169,0.252,0.314,0.358
1992,1,0.102,0.166,0.253,0.313,0.361
1992,2,0.493,0.132,0.257,0.312,0.363
1992,3,0.366,0.107,0.261,0.309,0.365
1992,4,0.52,0.127,0.266,0.299,0.365
1992,5,-0.217,0.132,0.27,0.299,0.369
1992,6,0.226,0.194,0.276,0.307,0.371
1992,7,0.28,0.207,0.275,0.31,0.374
1992,8,-0.011,0.161,0.288,0.31,0.378
1992,9,-0.02,0.14,0.287,0.312,0.382
1992,10,0.278,0.133,0.294,0.312,0.385
1992,11,0.129,0.171,0.299,0.316,0.392
1992,12,0.185,0.183,0.303,0.322,0.399
1993,1,0.252,0.17,0.312,0.331,0.403
1993,2,-0.06,0.207,0.313,0.338,0.406
1993,3,0.122,0.22,0.313,0.345,0.406
1993,4,0.438,0.23,0.317,0.346,0.407
1993,5,0.229,0.264,0.321,0.348,0.408
1993,6,0.377,0.297,0.339,0.351,0.408
1993,7,0.117,0.329,0.344,0.355,0.408
1993,8,0.44,0.377,0.345,0.364,0.411
1993,9,0.135,0.41,0.347,0.373,0.413
1993,10,0.395,0.397,0.346,0.38,0.417
1993,11,0.533,0.431,0.345,0.386,0.42
1993,12,0.59,0.439,0.339,0.399,0.422
1994,1,0.634,0.447,0.338,0.407,0.422
1994,2,0.517,0.44,0.335,0.404,0.424
1994,3,0.52,0.445,0.335,0.41,0.424
1994,4,0.279,0.426,0.341,0.415,0.423
1994,5,0.631,0.432,0.344,0.425,0.423
1994,6,0.479,0.437,0.347,0.432,0.427
1994,7,0.216,0.423,0.349,0.435,0.43
1994,8,0.356,0.44,0.345,0.441,0.434
1994,9,0.185,0.369,0.337,0.449,0.438
1994,10,0.178,0.386,0.33,0.455,0.443
1994,11,0.599,0.393,0.344,0.458,0.446
1994,12,0.656,0.406,0.36,0.456,0.451
1995,1,0.467,0.457,0.373,0.45,0.453
1995,2,0.718,0.487,0.389,0.45,0.45
1995,3,-0.339,0.517,0.407,0.445,0.456
1995,4,0.485,0.535,0.414,0.446,0.465
1995,5,0.717,0.546,0.433,0.441,0.469
1995,6,0.633,0.57,0.458,0.441,0.473
1995,7,0.834,0.587,0.48,0.444,0.476
1995,8,0.711,0.568,0.502,0.444,0.478
1995,9,0.551,0.633,0.516,0.444,0.485
1995,10,0.387,0.601,0.52,0.447,0.491
1995,11,0.735,0.544,0.533,0.448,0.496
1995,12,0.937,0.499,0.547,0.457,0.498
1996,1,0.673,0.448,0.563,0.46,0.501
1996,2,0.492,0.406,0.575,0.461,0.505
1996,3,0.447,0.383,0.59,0.462,0.507
1996,4,0.097,0.389,0.599,0.464,0.508
1996,5,0.028,0.344,0.605,0.468,0.514
1996,6,0.095,0.238,0.618,0.471,0.518
1996,7,0.225,0.197,0.623,0.475,0.519
1996,8,0.207,0.181,0.607,0.48,0.522
1996,9,0.278,0.134,0.602,0.485,0.525
1996,10,0.449,0.131,0.604,0.492,0.53
1996,11,0.204,0.18,0.61,0.496,0.535
1996,12,-0.339,0.275,0.612,0.511,0.54
1997,1,0.186,0.342,0.616,0.522,0.543
1997,2,0.297,0.402,0.626,0.524,0.548
1997,3,-0.115,0.47,0.637,0.528,0.553
1997,4,0.055,0.492,0.644,0.525,0.552
1997,5,0.623,0.578,0.645,0.532,0.555
1997,6,1.226,0.749,0.635,0.536,0.559
1997,7,1.033,0.863,0.625,0.542,0.561
1997,8,0.927,0.941,0.613,0.551,0.561
1997,9,1.097,1.032,0.603,0.559,0.561
1997,10,0.715,1.084,0.597,0.565,0.561
1997,11,1.228,1.115,0.584,0.575,0.561
1997,12,1.717,1.115,0.579,0.585,0.559
1998,1,1.55,1.119,0.576,0.594,0.559
1998,2,1.239,1.142,0.575,0.607,0.56
1998,3,0.973,1.133,0.574,0.618,0.56
1998,4,0.676,1.154,0.576,0.62,0.558
1998,5,1.002,1.125,0.574,0.624,0.557
1998,6,1.226,1.094,0.576,0.626,0.557
1998,7,1.082,1.045,0.576,0.631,0.558
1998,8,1.194,0.903,0.577,0.633,0.562
1998,9,0.996,0.841,0.578,0.641,0.564
1998,10,0.967,0.819,0.582,0.646,0.566
1998,11,0.882,0.818,0.591,0.648,0.567
1998,12,1.336,0.766,0.602,0.652,0.569
1999,1,0.969,0.715,0.613,0.65,0.573
1999,2,-0.466,0.691,0.625,0.652,0.575
1999,3,0.227,0.679,0.635,0.651,0.575
1999,4,0.414,0.649,0.643,0.652,0.576
1999,5,0.991,0.63,0.649,0.648,0.577
1999,6,0.605,0.526,0.675,0.65,0.58
1999,7,0.463,0.431,0.696,0.654,0.585
1999,8,0.91,0.471,0.703,0.66,0.589
1999,9,0.846,0.377,0.718,0.663,0.593
1999,10,0.616,0.349,0.721,0.667,0.598
1999,11,0.651,0.262,0.72,0.664,0.602
1999,12,0.087,0.238,0.711,0.665,0.607
2000,1,-0.172,0.255,0.711,0.662,0.61
2000,2,0.015,0.234,0.714,0.652,0.618
2000,3,-0.907,0.206,0.711,0.665,0.627
2000,4,0.084,0.197,0.715,0.675,0.631
2000,5,-0.053,0.194,0.718,0.678,0.634
2000,6,0.311,0.271,0.711,0.682,0.636
2000,7,0.668,0.345,0.709,0.685,0.639
2000,8,0.658,0.387,0.712,0.687,0.641
2000,9,0.511,0.508,0.719,0.696,0.643
2000,10,0.507,0.53,0.72,0.699,0.646
2000,11,0.622,0.581,0.716,0.701,0.645
2000,12,1.01,0.618,0.705,0.698,0.645
2001,1,0.718,0.634,0.699,0.698,0.647
2001,2,0.517,0.659,0.691,0.7,0.649
2001,3,0.547,0.686,0.692,0.701,0.648
2001,4,0.341,0.721,0.692,0.706,0.648
2001,5,0.56,0.715,0.691,0.713,0.648
2001,6,0.758,0.733,0.686,0.72,0.65
2001,7,0.859,0.795,0.678,0.724,0.65
2001,8,0.953,0.813,0.698,0.728,0.651
2001,9,0.84,0.832,0.7,0.735,0.653
2001,10,0.925,0.822,0.7,0.741,0.657
2001,11,0.554,0.826,0.686,0.75,0.659
2001,12,1.226,0.82,0.689,0.765,0.664
2002,1,1.465,0.831,0.692,0.773,0.666
2002,2,0.732,0.843,0.694,0.784,0.666
2002,3,0.77,0.854,0.69,0.796,0.666
2002,4,0.217,0.854,0.69,0.804,0.666
2002,5,0.612,0.923,0.682,0.811,0.668
2002,6,0.683,0.933,0.694,0.81,0.673
2002,7,0.998,0.927,0.7,0.812,0.675
2002,8,1.088,0.983,0.692,0.813,0.679
2002,9,0.972,1.039,0.728,0.811,0.683
2002,10,0.931,1.081,0.754,0.81,0.687
2002,11,1.38,1.092,0.771,0.805,0.692
2002,12,1.351,1.084,0.785,0.797,0.695
2003,1,1.386,1.058,0.793,0.787,0.698
2003,2,1.407,1.03,0.8,0.781,0.701
2003,3,1.446,1.036,0.817,0.774,0.703
2003,4,0.713,1.038,0.821,0.77,0.704
2003,5,0.749,0.994,0.827,0.766,0.704
2003,6,0.587,0.968,0.82,0.762,0.704
2003,7,0.689,0.889,0.821,0.76,0.706
2003,8,0.75,0.835,0.824,0.76,0.708
2003,9,1.038,0.743,0.824,0.755,0.711
2003,10,0.964,0.721,0.829,0.751,0.714
2003,11,0.846,0.668,0.835,0.748,0.715
2003,12,1.036,0.684,0.838,0.739,0.716
2004,1,0.442,0.681,0.834,0.738,0.718
2004,2,0.759,0.704,0.831,0.745,0.72
2004,3,0.338,0.67,0.836,0.74,0.721
2004,4,0.452,0.642,0.84,0.737,0.722
2004,5,0.116,0.585,0.852,0.729,0.72
2004,6,0.781,0.564,0.855,0.728,0.722
2004,7,0.651,0.541,0.85,0.735,0.725
2004,8,1.026,0.439,0.865,0.736,0.727
2004,9,0.624,0.516,0.874,0.737,0.729
2004,10,0.637,0.615,0.888,0.742,0.733
2004,11,0.162,0.689,0.902,0.746,0.734
2004,12,0.779,0.717,0.908,0.759,0.734
2005,1,0.174,0.763,0.913,0.771,0.738
2005,2,-0.469,0.764,0.912,0.785,0.74
2005,3,1.254,0.84,0.91,0.808,0.744
2005,4,1.647,0.848,0.905,0.817,0.745
2005,5,1.005,0.917,0.892,0.826,0.746
2005,6,1.11,0.901,0.882,0.831,0.748
2005,7,1.202,0.95,0.866,0.834,0.749
2005,8,1.046,1.048,0.851,0.839,0.75
2005,9,1.53,0.992,0.828,0.842,0.753
2005,10,0.74,0.905,0.819,0.845,0.758
2005,11,0.987,0.902,0.816,0.843,0.759
2005,12,0.59,0.886,0.818,0.834,0.762
2006,1,0.758,0.838,0.822,0.835,0.764
2006,2,0.709,0.815,0.829,0.837,0.768
2006,3,0.576,0.779,0.818,0.833,0.769
2006,4,0.605,0.817,0.811,0.832,0.773
2006,5,0.972,0.843,0.805,0.828,0.776
2006,6,0.912,0.911,0.792,0.829,0.78
2006,7,0.631,0.944,0.798,0.825,0.783
2006,8,0.765,1.017,0.793,0.823,0.786
2006,9,1.108,1.083,0.78,0.822,0.79
2006,10,1.187,1.117,0.775,0.821,0.792
2006,11,1.304,1.157,0.772,0.823,0.795
2006,12,1.406,1.171,0.767,0.818,0.801
2007,1,1.154,1.223,0.778,0.81,0.802
2007,2,1.588,1.245,0.778,0.808,0.805
2007,3,1.358,1.226,0.783,0.804,0.808
2007,4,1.022,1.181,0.793,0.806,0.809
2007,5,1.444,1.121,0.809,0.805,0.809
2007,6,1.088,1.067,0.825,0.809,0.807
2007,7,1.248,1.004,0.843,0.809,0.807
2007,8,1.035,0.917,0.879,0.806,0.808
2007,9,0.881,0.809,0.888,0.807,0.808
2007,10,0.638,0.738,0.88,0.809,0.807
2007,11,0.595,0.662,0.881,0.809,0.805
2007,12,0.749,0.634,0.878,0.805,0.802
2008,1,0.406,0.605,0.874,0.802,0.801
2008,2,0.536,0.615,0.877,0.795,0.797
2008,3,0.064,0.577,0.867,0.788,0.795
2008,4,0.169,0.566,0.868,0.787,0.794
2008,5,0.537,0.558,0.859,0.784,0.791
2008,6,0.751,0.515,0.847,0.782,0.789
2008,7,0.901,0.552,0.849,0.78,0.788
2008,8,1.154,0.543,0.85,0.782,0.786
2008,9,0.428,0.499,0.841,0.782,0.785
2008,10,0.508,0.498,0.836,0.783,0.782
2008,11,0.495,0.45,0.82,0.782,0.781
2008,12,0.227,0.427,0.819,0.781,0.779
2009,1,0.858,0.462,0.817,0.786,0.777
2009,2,0.427,0.451,0.815,0.788,0.783
2009,3,-0.465,0.494,0.808,0.79,0.785
2009,4,0.153,0.553,0.802,0.793,0.785
2009,5,-0.038,0.606,0.793,0.793,0.784
2009,6,0.477,0.73,0.78,0.793,0.786
2009,7,1.324,0.764,0.769,0.796,0.788
2009,8,1.02,0.869,0.752,0.794,0.79
2009,9,0.945,1.058,0.734,0.794,0.792
2009,10,1.209,1.14,0.724,0.799,0.794
2009,11,1.131,1.233,0.707,0.804,0.796
2009,12,1.723,1.27,0.71,0.804,0.803
2010,1,1.262,1.243,0.706,0.813,0.809
2010,2,1.69,1.26,0.7,0.827,0.815
2010,3,1.804,1.258,0.703,0.822,0.822
2010,4,1.136,1.225,0.713,0.815,0.828
2010,5,1.08,1.165,0.725,0.815,0.835
2010,6,0.916,1.014,0.728,0.815,0.841
2010,7,0.999,0.979,0.738,0.813,0.844
2010,8,1.223,0.902,0.74,0.813,0.847
2010,9,0.925,0.756,0.747,0.811,0.85
2010,10,0.808,0.688,0.755,0.817,0.853
2010,11,0.415,0.599,0.753,0.817,0.854
2010,12,-0.089,0.594,0.746,0.826,0.854
2011,1,0.842,0.55,0.739,0.83,
2011,2,0.769,0.503,0.735,0.835,
2011,3,0.044,0.484,0.745,0.838,
2011,4,0.322,0.487,0.754,0.839,
2011,5,0.008,0.515,0.759,0.839,
2011,6,0.868,0.572,0.77,0.839,
2011,7,0.464,0.547,0.774,0.842,
2011,8,0.658,0.529,0.782,0.844,
2011,9,0.694,0.547,0.801,0.844,
2011,10,0.852,0.559,0.811,0.843,
2011,11,0.751,0.593,0.814,0.839,
2011,12,0.593,0.624,0.819,0.838,
2012,1,0.54,0.668,0.813,0.832,
2012,2,0.554,0.673,0.81,0.826,
2012,3,0.257,0.703,0.805,0.819,
2012,4,0.466,0.733,0.805,0.815,
2012,5,0.421,0.781,0.799,0.808,
2012,6,1.242,0.811,0.784,0.804,
2012,7,0.986,0.847,0.783,0.803,
2012,8,0.717,0.855,0.776,0.804,
2012,9,1.058,0.876,0.755,0.804,
2012,10,1.21,0.891,0.751,0.803,
2012,11,1.325,0.887,0.749,0.805,
2012,12,0.953,0.812,0.752,0.808,
2013,1,0.974,0.772,0.752,0.814,
2013,2,0.647,0.791,0.748,0.813,
2013,3,0.519,0.784,0.754,0.815,
2013,4,0.639,0.773,0.766,0.819,
2013,5,0.382,0.731,0.775,0.816,
2013,6,0.332,0.723,0.804,0.816,
2013,7,0.514,0.734,0.811,0.816,
2013,8,0.938,0.755,0.821,0.812,
2013,9,0.974,0.77,0.834,0.816,
2013,10,1.085,0.775,0.843,0.813,
2013,11,0.813,0.757,0.857,0.814,
2013,12,0.863,0.797,0.859,0.82,
2014,1,1.099,0.832,0.867,0.817,
2014,2,0.909,0.824,0.873,0.821,
2014,3,0.69,0.799,0.88,0.83,
2014,4,0.705,0.805,0.884,0.833,
2014,5,0.163,0.805,0.884,0.839,
2014,6,0.811,0.799,0.896,0.843,
2014,7,0.941,0.808,0.894,0.842,
2014,8,0.834,0.838,0.899,0.843,
2014,9,0.669,0.828,0.905,0.847,
2014,10,1.165,0.844,0.905,0.847,
2014,11,0.807,0.91,0.908,0.847,
2014,12,0.795,0.932,0.898,0.847,
2015,1,1.207,0.938,0.899,0.848,
2015,2,1.273,0.952,0.908,0.846,
2015,3,0.567,1.002,0.905,0.836,
2015,4,0.895,1.031,0.893,0.839,
2015,5,0.951,1.045,0.885,0.845,
2015,6,1.081,1.116,0.887,0.85,
2015,7,1.008,1.122,0.891,0.854,
2015,8,1.007,1.127,0.886,0.856,
2015,9,1.274,1.151,0.883,0.859,
2015,10,1.502,1.145,0.883,0.861,
2015,11,0.976,1.138,0.88,0.865,
2015,12,1.646,1.128,0.886,0.874,
2016,1,1.285,1.127,0.892,,
2016,2,1.328,1.124,0.889,,
2016,3,0.859,1.113,0.887,,
2016,4,0.825,1.076,0.873,,
2016,5,0.86,1.06,0.868,,
2016,6,0.969,1.031,0.869,,
2016,7,0.989,0.961,0.86,,
2016,8,0.971,0.921,0.859,,
2016,9,1.151,0.899,0.859,,
2016,10,1.057,0.869,0.856,,
2016,11,0.775,0.85,0.864,,
2016,12,1.303,0.823,0.867,,
2017,1,0.446,0.828,0.87,,
2017,2,0.849,0.849,0.877,,
2017,3,0.594,0.829,0.889,,
2017,4,0.466,0.78,0.889,,
2017,5,0.63,0.784,0.895,,
2017,6,0.641,0.767,0.91,,
2017,7,1.053,0.829,0.912,,
2017,8,1.228,0.787,0.915,,
2017,9,0.905,0.769,0.917,,
2017,10,0.467,0.782,0.927,,
2017,11,0.827,0.745,0.94,,
2017,12,1.103,0.748,0.949,,
2018,1,1.183,0.738,0.956,,
2018,2,0.346,0.698,0.963,,
2018,3,0.375,0.69,0.963,,
2018,4,0.63,0.671,0.956,,
2018,5,0.182,0.648,0.956,,
2018,6,0.676,0.633,0.943,,
2018,7,0.93,0.58,,,
2018,8,0.751,0.622,,,
2018,9,0.816,0.648,,,
2018,10,0.235,0.641,,,
2018,11,0.548,0.678,,,
2018,12,0.923,0.705,,,
2019,1,0.543,0.722,,,
2019,2,0.852,0.762,,,
2019,3,0.695,0.811,,,
2019,4,0.542,0.888,,,
2019,5,0.628,0.938,,,
2019,6,0.994,1.005,,,
2019,7,1.136,1.07,,,
2019,8,1.228,1.119,,,
2019,9,1.408,1.116,,,
2019,10,1.164,1.196,,,
2019,11,1.139,1.29,,,
2019,12,1.735,1.34,,,
2020,1,1.317,1.365,,,
2020,2,1.444,1.381,,,
2020,3,0.657,1.372,,,
2020,4,1.507,1.365,,,
2020,5,1.754,1.349,,,
2020,6,1.591,1.278,,,
2020,7,1.437,,,,
2020,8,1.425,,,,
2020,9,1.292,,,,
2020,10,1.088,,,,
2020,11,0.936,,,,
2020,12,0.888,,,,
